insert into ItemLib (imgUrl, context, webUrl, Ext, itemId) values (' 132RAIF5S5OQNNWQELUWSJBQAB5MTGAM1O T4G D785G8PH7EIKYFTKUB3DTUI0FVKJD91U4STFMK5X8RCQ9PVA1DP0QFM46J13KI8ASJXUNNAH2W1RQ4L4PJA 2SISNWO65YT9SISTJU8525S8VHMCCQ891GOTNTDFA8BDKLYWPYVLIS4XN3EUCUA1DHCO2X7PRA3VMLAV86S2S SQLM588LDLE9KHRVN0WH9OG7WLM5GKAQVQS4VSKNSGVL6', 'IJC 1YMYS72EA MDX34Y3 W7I7PCW2VMC3K483DR3YQREU83SP', 'V78T7YAG7MRPXYSR5TYM4XQRES9YHB9MYCTN6TWWMI9Q4CP8806022 08Y7X4MRADLLD IOUJ6QUVJO2F3WITA7G UXNXY7U3ECX25IVBP946U0NWXQK8DDJODV7VTHWE4ICO5G5RWJPWU5W67WQ0DK4WB0SSWLL1R4K06OC4FYQVHP75CBIUM2OH73JEARP55XQ58IO NHFQVGL7LJH8QB6SAGMD89F9XBU3JHXCTUY4GAJ2YT8NKV5IP2C8CM', '9OF55ATTBVH63A38TX XGRT1JY6T1B67 MRSK H TIVV9E45AHU6KGXGQ8KO7UJ4A2KGWS3IVICQRWKWRGUFD6 8317EB5WEOW64G3S4MHEGUDWGIDVA8 WY6 IR52UE8603OR691 HYV0XMGOPPOJY 7OWWO0FBOU8W7785LPYIDGVY7W1TF2UF1RO6 X23FY0DSEFTIA0M0XCSXMH397P76Y09CBMFJLELCSK2MFT3M4G8KDHA9920UX0464A', 0);

insert into ItemLib (imgUrl, context, webUrl, Ext, itemId) values ('0M5EGGNPCL266 U3OF2P4R5DBVL196OSQL6ECTX33NOTTWOPOPUWBOJ7GQXYR76ROPBY4WYVU7GQUJH1HKUDT6MPDT OWB2AMWSMF2PA3VS8UJINNJRCBF3 YQ2IUHTA08Q609ME2EWSG5EWE668N620P6E6S59IUR6RT0HXKEX8I35WO3LSUM2FTW2L6CMGVM3RWAJJ5OWM2M8K VF32J1Q3L20KLLFGWCUINEJYXUD7JJKJ5YEMA9522CWPX7', 'TI6SQLTN OOGICRJIMBJHXCM3I0IP9UVHGB QC7B5FVGP6IN8R', 'W4O0MFYGAGN12XL6D92FT1 FJB1EX9PB3X55BHTK3EL2SCN866IWTCO1NUE9SGLARJUX8EDFT1 S6LM9SFM8INVRQKYBUL7HK0RK1JWOSKLB491YGJ3OC0MK5MIA8GGFCC7EUOBMF3CW2A8MF UP8WU2B281O718TEQYDYF65LJ Y498123XN46INTIKCGFRT 9XUWSXE R6AH0FL1C1K03UMP1107WF8UU40KQ6N1T72N4JH2C0J7RNPKTRYUG', 'WRUC  ETHGVG18DL7MTIGI0UBTGOX1XSQFTO7WRVE5DUS FMDCKTWDPCCNBY8OR51KP87IYP JQW15NU8JBO7B8C5FBMTX8TOWPM7DKT64SCN8UV RS68YXYK BGQWHO8R0FQ5R1N CVWTGUO6PD62PR6S51CR5174V5MR6LXXD38PE64LT6FL0PDXQYAVEJPNM7V6169EPHGT4SWHYGQNS5960MGP09SNJUWM1UOIDGL9L D1XY3GIUU0YE3 6', 12);

insert into ItemLib (imgUrl, context, webUrl, Ext, itemId) values ('IMTP 1542S0K295AD7MGCYNJQU4O3H0YI2HTD1F536OVOOD57H00RP0YB9LTMWWN4569K7KBA6VGF3J74J0OUOA3GRDDV7ANQU5JCE9U6NFURBMYW7GD0TWWJGCXFQCKJSO1RNPG  9LH7196Y3Y 6TRR5HW9 TIJB3284M7RAB2MWTGAYS5R0HF07PNIMX0HEPTC5AIDCMLJNF6DYDNMS022S0FPHHXWOXE18GBEJ6CUTXKEGS050VAEKGDJKS', 'R1TVJKCACHUWHRR3S1S7NJKV SLYI20YMT5PN2 X7O6L0IKXCU', 'DVJ J79CTFISYT51H387UKS86H 2906 EPKCB7TJE9 5JO2 VUH8TAA9BGKD4HG1XOFWRDD 6Q I37RX 6O29TJFM9SI6A801PDXBLL4 GYW1K3OQMNMRSW2BI1LCTL3IUP KAF8F28HWF9RON12YE1B7UL0Q0Y7P4IVCECAN81UC YJ3VGWPC22WYNFMB54PMUQJF34INKQ6054TTET1UJ2IJBSESFA8EOX8CXAI1TAHQCFF59W3QCPWDLBNWG', 'R530ACDG21 AA 9DFP0NBRG8 TGKJLIQWDMDN3X2QXAH798G9UUY4C7J6PAU7S8Y SI1YDY83SF1BBPG HOSUMEGDRVVGOBPRHOH3O9RWQ6 OBEHI495TSYMY2APBM2CBBP6YQR17SVG6Q8561  D7V6RG9IM5VS60VL7LK0IMLLOB5OOA BOKCU0K4G67EHB 2AIM 3RS1JX2EQ7QY7TUQT9TVNPXED1GUUFFEA8LIIJBAJ9YBQTAJTLD9ERRR', 3);

insert into ItemLib (imgUrl, context, webUrl, Ext, itemId) values ('M5D6TI HV9Y HG X41KXO5F729 3M3YOQAHV0887W4B5 IVHSU Q0RXLSS203PYJG8JIS0W0GY SUHBBV179DDI88SJCPX199NULWV4T2G10U4DI3P9GUQDROVR77OTB4YAM0462N640QG8UMOWFMQWEOHRTC30NDFE8MDHQIFM 6R6IYLI7MOJX9S7EONKSR2GY7KLCD8J5QOR93T4YT2 KVSF5Q1IQEM9G3T9XDJJSU0MGCKGTYP25B7GEXB5', 'GM5JSE2K42NBDREEY6Q9QFVC0MX34KBN5NRFRKPA OUX6W8TJN', '1NLV5NPH6U7SUBYE34HEF6AUBJ8EI3R9G0E6C7KSXAWB210JMQH 0RBQVLWJ5NXCD  9QFKAGCY7V3RG9TV5IH887V9SCBJJFWKQT1TTG585G4M81IFY34XTXT4QEBA61RF1FW NFGMOCVHBQNUB7MTHFKGX 0BWE8TLN09FNQ2BAASMYQ 3J3VLTU6T VDSIM3PSKE853HHCGKF2VO03RKW248QMLOD4WLJJVMJS9UFUNBG8VRR71YLXHM C01', '03GGTEUF3O41Q3MBWSD21KGE4E8KVVGKDNSPWS3SK87BH1U5466X8V35JH5SEF 128 7PVMD8EIL1R6K 6B9HGCRG5NL9TNK5VF3XT4894GXQJ0JWYJ31YKDN 19T70Q9V97BOOK7S8VXI27P2D24VF8M3ERFQY5L1E2LHIRB4VR0TCUVI5J0OUS7WOPIHKRRKITL29A8A3JEE3UCOXG P2OX9GEHCAI20492ARV6UHSI7WTKDLHE7KLRG7PT7T', 11);

insert into ItemLib (imgUrl, context, webUrl, Ext, itemId) values ('1WQEDMKD11WW6VXJVISVXTQP1VLVGLPSU7P1FWM0TBTNN4VIWQ8DJ G11590NXT1QOO B1XCVJGDKRKMELFMU0LEL7BUB2HJW3LTT0SQCHTEAVY6U2O 6C26NIL W2V60N5MPPTQ ANNAGCL4J2DSA2 MXTPUVC BYS7TWV  KJQ DAHSUHH043KJPDWLBN2I T3YC1B48SWUHLJS4JL80 TWJJ6N6PRX48D2MTQOOI2EGFPQ0QOV QVSH9TJ4T', 'U9NV79GYLHWUK720J7N21UOJ28J8PGX6102LLIE4JHNOHK43MU', 'JRPO8SGQ75N7FF72RD74VCIK9UNEOX2SLR9RTRW2JNDLKYQFX7YQTFVIV50LXEXQ98KB6X2G7G32UMXHT8VI K ETVNAO3U9N26R51VBCI9Q8WNWSPEHN4YDXV9NULB9BWCNH6GIFKURJJYTJQMM0UW4ES6T7SX858 ITN2JD5KAJJ0 93904N7UU1HYFTF2J9NXP24DHJSJU64LFGPR2TCB9STA56QC6 KGKA7HITIQ13UG160XNV S30J3UKY', 'L7EFWXS4BYSDRV KJMRSXMC4H85590S3CH4JT18TLUHUD I8V0GYP05TEEGBAMTF7P09SA4JVMPS7ECAVUIBG1MYJUUGO5SBU796AMU8GPNXHN1ERPATE5N7CP74 88L1WHOE1R7RXXO3E0KXQNBITYGALUPFHJDQ5PYUJ4YGPJAJ9M VMSACKAW2PGAVJY01XDX140D91WS1V36AKD44Y8 KS6TU3P67OCC1WJI4CTYF K00BGXQK9HR1J HVV', 10);

insert into ItemLib (imgUrl, context, webUrl, Ext, itemId) values ('LC7WT 8TDHPLS6X51OI7AA1PVR2CNTPI54FEVQN4IVIRBSFFQ720Q01J7Y6D82EL95F4M75WNQOFHTD95IHWXGS4G13NUYL5UT88UH RDH7TWW3VU8YFF7XO95JC93LM 29PWJAJF3J OPUSHK6XIS3MI1MD26LM0DD8VH4AS0GPQXSSW96K0TRQ6XVEFXO39QTCHEFGH96LJBY 3ME6IUD0FL6W63UADO7C3E2NSDDY9NBR8DOH6K7TKCX4SF1', 'WSNLH1AJVT 30HGEK0XMIF8UG8 82X44ARR9GAJ1VTQYFXA80R', '197LQTJ2XKVE4K5RTEHUORM 26HLLY 9QBIAFN8LA6BQ0SGQJCCM7358HRPO4TQ2IC9T9A5TOBLKQ0GP  GAP9UXWG122MDW0PK0XT8 PAWGMDVS1XDKETCBRCJPPIRHE5CD76UEJV8P3 P944DRM6MVYV39JJ0OCVB2UBINW9DAJT6K6YMULOU5YWDYXMKF3HYWO 4C YURGTWAP9WHPMKWQPSQDM3 D ICKWTCKY F9QO6Q8XYA3J2VYM6ECL', 'TNETPLYLT4NIE8B4H04GMQ0SFS8F7OMH6YNIB1E3WGJLGMMP0HS9UBY430P6TW4FQVIF8FFSRL05AEO69QN33C2I4UAKS96JB8I1BF8CL0PLS0CB46JOMC12C CPYMLKY4U87D BXGRRPMGTTHV0FGLSX5R5XEB40P3ACA08KSUXI1X8TDKNCJKNCB V2P6Q4CJWVUJGL05QHNN3YU3FX1PI9K 8JC5V7KT4TAXADAD9MLKS7XENL4U2P57 AQ7', 4);

insert into ItemLib (imgUrl, context, webUrl, Ext, itemId) values ('P1AN9ROTW2E1 QNQPKWBXXMGQ21T4ES2455K04FCDV MLE8 TN1YS7RBLK 0PU NNQDV6KT7MY9 HF6Q807O28PSLU52GLVFK1MT726XE4VD5LFLIHAYLS8S5UXWRPDYKC32A9QVUE0GUBW2E ROXF460NBXS0GNI8IREIUBA EBMQIIXLM4G77P4IRWGW1VNB3DBQUID7CDBK89GJC1B E0TVAYJH4VFFOSJL4J IKJJ94IL90IG6JPM9IQGHR', 'OK9Q86LQH4G78UT52 G0VSIL6NJKN6LKSNUN41PM0LJ94LSASA', 'MHQ1IEN0MXNX6IBN4TF37R8TPDRTJGDAT7KC72TECWUJKQ566 WNVIXR1UK7P6CR7XP2UHR SUOITJS KV2J624 EE9B84PTLHSJIPT0FMS9UHN NNPL2VKDEP7HBXUJYBS YN81VN53683GYY4C4FY5NX2WU81BBC6ALE6VVW7  FBW50W4KBVS1RYFCPIT01S9I1NNCURR4TH44K32A4T0LHEQY3C FFVCDMMREH1Y43N8TU62UG7UEUCCJ5J', 'VF18HWNHYIYTYUMOL W11GLV0 HQB1YC0AKKVPINIYJ9QO50RU62OGVOWL53S9QJFK43LJ6R1WM0VK8KEP903C367FTEFAHX69VODIKBET2X2OLGHRW17J0CBKE8M68JAP3PBHASHIREDYNS0F QBE15HHYQ5QQJMI73Y5LN  VCC5DOSIIB6X8NWSMN8MC2YJU89YCGJLM6VSIAJ NHX DUOIR4G81A0 R5I35RPWHXA5EUY6RG37UVSVWYWSJ', 8);

insert into ItemLib (imgUrl, context, webUrl, Ext, itemId) values ('ULLJCGC2FDLG4PU7E9B70LWK7EFG7KA0T8VJQ4W4308TRY3KXLD1I7WHX97RRW XTLM13GXSDND2L9CA13C4ALN74MNL7B9OOC9YY3LJ C424DNJKH8N4S6T 6 MPGGE8BDP7IUYKFRC8SPH8S7C4N8CMVI1YONA5PRA9W8JOHQT9UVAPBNETS7V0YQMW8HI0XB8SB YSFL0XK47KM1M6L4I3 CM 1ADDQ3H0IYS7F2YDU6I8M AKAPENR4U2W1', '2LDT0O38J0TUSDQMACGWOG1BF420RPO5Q351XOP2GN0R98LMDQ', '14 2VKAYU9BN 31TKEOYSE DLU53ILM1HUUGV58EVBHNYXGSR6DQQUBHWC9D88CN5HKH9SMN34KHS14DSLT65O8PLKIDBA521291MTOA DOY8LY8UBDB13F2U9UME8W JSMDE9NSEYIERDT F3 P6WPH3EN2U5IVA1S6SQUJCV8EMSL39U468KUT22W3TSX87AJKRKKT89L2U A GOQ0I9OTQH4G9N3EG7303R6VPIUUBPVXBTC 7R34D4ABUR0', 'JBIB3SN8BNVCLJ A2V8YFHBHLT9NWHHIBP2OK CMNRJ LDHPR7 JOXE147NHMGTPM6KQGFQKBVEFB 6VO1KQP8MKTN9JUFQ6SVQH R675NRY1LODIP5E8FXBBGBGWMY1QE3MDIDTJ5PJ6AUVC0L00INMSFSJ52ILUQ0FX38VFT4S46R9X5NQTDD0XOHP2SM949IYWVYYAINYB5WIFOREHSX5YTWK3OWM0QHSN31S4IQ073XUNM7FVIGVMSEEOJ4', 19);

insert into ItemLib (imgUrl, context, webUrl, Ext, itemId) values ('JF9PS467O9BT5T2LWSKJL4OLN02VVLX4ULN5D46MAHYUICB6IXA2NLRC8E LNFSGGVDJ0YMQBXKQQO7R7IIMMUJV3Y6SLOGYU7Q8 2I N3066TW6PO ECSJOYVHG4D70X1U8LR1 RUYECQTH7157M8MI0PE5OEL985K56BOINFVBM9LSHMAHAVY42EA5SKHEQPKA3V9FUJYKL69GSRFE8B JDD8DWLYD0C8LQITTE87CP42X CDOE2CWRD6DM2E', '4N4DOG3OQ9X383CAH3FC8QSBQED1NDBG33EIW2FDG2NNY2GGGE', 'MJM8FBV2SN3SNNCB5HP148JYBLH0A5VP26I94Q8LK9MPQ6 QSUUCYAN8V7BBDFE9TG02SHR952XIS4C5UK EFVXT4BIVWPEQUOF LG2HDTYJYFSO83 UVAQRED3SQWJA0F7X0ACTXJTPOTEGU8UU L62V18S1L715LXC0FKSIKRHWUUNCXS3WL SNAA1G7G6WDC7X49YNJ8UYSHHGJ5V6XJ PDRB XXYX5F0IEMWSATBIQB6OMDWR0WSXTBW2QY', 'EJEL8KWBBFHMIBQTIUC1YT4E58 42D3FJ9V99 DSL9JAP5RU2TP1SA4G5M7W6OX8294PGEGUU74KHAQJ2XWUD6 L64LGY7L675LX3722FE5YEA5OD1JURHY3NMS79JI9B23O3XXEVIYTOTDFVLO7P7CH7JSFNC1PYNVJ13S0WO6B5HO5QHPUMD9MMU 4B9D1R5KU597DCM CD0AH57HJK2RKSY7320P1LA7QBYP87MWLI3ADLR9RAESRTXOWHB2', 13);

insert into ItemLib (imgUrl, context, webUrl, Ext, itemId) values ('842TOJ6OWW1EKLPJVCISTOK2HKMQDHIJ5OBBSYRH1GT5SSCI2TX U15ERPPEA4EAJUVHVI25SQVR6XH2HSM7KJ0VDLMFM51XX9 WINQVUWYCOPDL660CC7CC05SSK8OYY6AVW E21N4VQQ8RGGY4925XOW0B 3G6H9UKY3JJDAW KS4HOMO318E FSJKDHFOJU3U8KKA0I950L41H8UJ1UY7GE XX3LU7PWEW2SN9PHOJY2WKCIJA3LI7SDJFSR', 'G2TUVYQ069WKMRL030R9LTPRN0RMECSDH9XH2BLYU1YNWY1H3N', 'KOP7SW0KAA18WRJ  I26I1 QC7ERKJDJCL0W4NJLRE8E67UT7B0BIQVGU6A2NMEBJ0DX2RDW0CKC9S3T6CVS90D0HISD2Y3MJ5CT9KMCS539RUGL8RDPNG14HQLY6MLDP4S9WU7EST3JW5YFSQHC425359N9X2Q7F U3MTT8U95OBVCA85I3L7TXRH4UR57E5NXDO0YNS85D9K6Q10 LLOW8NLKIO4FWC1P8THU4FH6FH6S2O1RL4P2B6SQ58OM', 'UGC822UOMNESIEIO3LOPT3G7UWA1YNXFRH3JKNKFUYA2EJ E3W1VS3GRSI4BCGONI VCNWS6HN4E81D97EE6IWJ6T40Y1BCIXFJCMB82GBAYVRH H5WKNWX GH3SPETPBGHLG2M3VRNBW3779A79L2XOGF12VH S3SNL00Q87WOEP7GH78IYK2TOY 1HS0QA3EG7TMDB5UAKFV586HJRI8V8ABU2H31KBCXRA0D4PV1M0H9TFOI68HGK3SPBTGV', 2);

insert into ItemLib (imgUrl, context, webUrl, Ext, itemId) values ('AU5HPT9F7LNCJBMUVTJ5WH4 68K5ACDQYW2K0JVMSNPYK4I409YMBX6OP7U7YUO63 U6B7MDM6TWEFFLN4976PI6W BPYOMP4VDTGNBN46E4CCBQGQLKODEVSM6ELB4SVI5E0CPA OEYMN31CMQUTB62S95BXU4UD 56CFN17 C85SQUHFWHCG7YI9HXR0L5YJVVMQ0J3H73MT8ED0WFSFTNW3Y3P9KY9KEKSNOD7QL3LHLWQB0YIJH64DX57N2', 'ERJK7A6IRJ66U2F7 MNOMPBTT30MSKI7KT RRJUOQYIY2GLCYN', '8HU60BMKRNLOUA5A6N XYQUQ5R4OTFWTO4RL5 8XCD2CRH7KMJGWRH44BTKRQWAS4TCHC6IJCKD7GGJBMVYD70 83T MARP3453OCR3ST5SGF1TY3A 9NG8UE7540MH3VRDA34 TI6LP9OYRKFSUOG3HSKSILPAW9AHOP9OLUOVQQAFQ7YONW88JIEG6WPAETEMIGLYVWOQOSE0NVJRG7KO2HAOXVU COUVQR434CC3XG Y53Y3CKNU17WTSQYA', 'Y4XKXK L85CVQ65SHEN928HYTAVD4EJ9N5HETK0XA2UEGGLQFVD1RVIS 268QME9R9L1Y16BPA4PT387OU Q08GEYXJ2UMRWCM K8G9PWX0E66498OTPV7 8LNWBLF0BARIN03O24EKMCJX0 Y9VWG9UM8DVFQ7OHC8F0 IGKE 2JU2NQKXN2F9QP287B2 3MG9NB0HXBWKYDGJC4NM1NCHHCPW9JPQSDC JKS JE3V VL1ATP7JF97N12YJTRH', 7);

insert into ItemLib (imgUrl, context, webUrl, Ext, itemId) values ('B5N9SICL0DGJAB6XDNH3TKOLGPY8QDV6BTGLGBJPTPJP0V ATEUJ3VGNADQ9 7C0VRV2XHO02N0833KT4MS8B355F6VWDE3PTNXSV2TJYV2TQMBN15YNGOMMJHMMUJSEVKUJGWPBLC1MJU9 B73PTUGN4VEEPVTCOTVI7LPFYAGFJ 21J74Y5MVTO7SRNH6RUXLG4KX0Y9XI5 217V4DMSPSJPIPU8IVSTMPH0 7E2CO8M9AP7ALSXJ6YSITST6', 'Q23LT7VSO3A8RQEYD67BH5UG09WIJ8BC63DVUX60A80AKEP7 C', '5QC8K5FQNKQT5 LWJ0YOP5CN3WU91RAJ4FPNJEIXJM2OATBU0GBC68XBPES5AFPG8WPYFD05M6HCKGP8FWVVOABI4AGOFDK8C08UA41AKK9EJLYXKGHYFYUBDNKTLERD153XIU9KRTMBY5O7UX05X H79DXJ8ERUPH8TOVUQEKVIX33OLRF XCN3DWBP2IH1HSLWQQJUI3A8TLYGU1NUI2C92DK03 GPBG4JU3KESF9Q81G EJO1 G3DJMK5K6O', ' AMWTMP2EQLJHF8VR9ES5JW9X4B44B2U U6NUVYFO35D8W311XRKGKW7YVWBKIB51D40E3HFJ7VDKIQ6E32YKHL7EFKKYEVEH6W VG127O5MDYGM80XH2L330XB3YB 7PF7P6H51W3MF17EBUT5V6RCEJBF8P NV182EO85NWV98HSDUPJVXI319SHJJWLLBYJPID13VIC8N6I3J83JOC8NHJ8FNSQD5VAQNPPVE2Q1D4P AUETBF6FJNABF4BC', 5);

insert into ItemLib (imgUrl, context, webUrl, Ext, itemId) values ('0WMQ24VB51TL80EA3FI1NMDJP48R8GL3IGRYX6WV4GVU23OGSJCX7HAJ35 JK7SXOLXC57MDA8VELLIQQ6KMD4L12YE5YQFYYG6858B3 RROQWSPCEA WSY7GG154985P P0XL52GES9YY6O26Y0 0VT2GQ7ABR2F44AX4WW3DEW7Y5KDB9WDTLDQOO48VC LN8S7 AX7WFJ2MUXPL5YBL60CP8W8C4TP95F9TP18 W7L0C1NNXNP5FGT25P3H ', 'CB9SV  CUY4N2XO3TP5X7E2NGIUHR VC36LK4XJ4DJEIS0LYS5', '0YKT JSQBU5634UG5WNHR VXLO36O3PPJVWPFIRCWYJFCNP98QH54EVGE7UB2HANBCTVXU68U8KFECEOY2PR6F7ROMO0PUR3OGEDHUBS9KSP3YW5DVRDUHPHT816UN78G2CCX3MXQMGQ6I9J0VM6YCFTJ1YVOISPVS0X2IP25UH19DTCRL1B91IFXX65BFVQI1FCM7C6UHF8W4 H CB EUBLKI32ROX3E AS6PERLIIVJOAJD6HFXCD2E5QSWRM', 'MA8YJRF4GW9IDU 9O35O50AGJ07KU6RMOP5H30TA1GXOOEGXXI2EMWEIAJKW1SU2UNMPDLWLR5RVICMS MOIFIQ876RBBBREDQ6BK320UEKQAUDDE0GTBNW EW314M314K8A2O5B9Q76HI02BCTF9QWXLOUN34V8NR5VEYE3JOADUJ7YO80RCQ817L5 YSH 5 5J87GNXRHS6N4 YEAFT3O1BO04O3R4GXE4F4B5CK86H29TCJPE5TIFL1FGB0W', 14);

insert into ItemLib (imgUrl, context, webUrl, Ext, itemId) values ('4BMBA7LEVKN65CMESR32MTQ 625DT6HK5 7CJMSCPOPVQFDLQLEFOJX7A4B7ODYDQCH9JP6BG2 WHII82TX4QAR9HXT5X3WLG0S9V21VO95F3SSHN1YIX0P38JR3BBQAHNBV6YYDLSTYF B91YQ8I6JGJ272RG98P 9XB3 W58H7GAL8DBAAVSKU5J3JDKP0KQNH9QLEU8I8DIKVIUPVMCFJF5A4D6P0AOHW6OMJWE9BGYJFXBUIHY5ME0LS4CB', 'U8111L6KWJD2TXDE5NE3J52WSTKL6CR6839GYYO0A4WOHL2EXB', '0 MVH8N0WJSLLK6JH1 7XBF95S3UEJGTB2P8R73D29T8372KXJETQX9UOH9Q3FXEDXQ0VGBUFO L0O4GYTU86072 OEG46IK 52G75W0L6EJ41CE88J5NS12 W1NOBULMUSK3GOKPK1I49 SVIGTJBQ225IO1AXV5GSY ERCH JQV9O3MTD67LJK8UVHJGW23TOWAXLD32F 4T90OQTV6J03YQ0PG0BVE7YBGWWSCRXPRMWDT853VX0F81KO76X', '82DXPY GFAQYKYKJYOEAWUFEHGU8O44KN61POYKR80V 9VHAMGRXFO1DBW77PGISJLQMNS9G0BPIWPN9WTFHRJ6WRNC1TXP0SRAFKUU7 RWOA4ELJK9O0F0UG0H9I6X15VJTNSR46H7INVNU6533HK7IT UDK2S63NEDDEYNGBE DWUY6OVBTBWK29RS2OH2WKRKILTOCRAV6AXBPYISY6V354ITD4RRLQLU4HDJ8YP 3BFOPD U3SCMTJHL4SW', 15);

insert into ItemLib (imgUrl, context, webUrl, Ext, itemId) values ('CNKLVDADQ5GX28GAYSJJYB78 RCMS7PXY49R9BDGB52OD9DX8WDJB67J7UD MCDEJVMOCLD 80 HDDM0XONGW9LCQNB62C 1KOIWK06ECM BHHMICABTEXLBRUIK89SFCYVYPH9M8FV0HOCSOGA3OOXK9Q9GH9HPXUN8U4LY8KHCB9ALVNJMX6UK09V1FOCA32T1A5O2JUOX9LG4MX2ONA39J3SG 053I1DKO M32PCCX8EYG2VELX0X5HEODV8', '1NQNHJ0T 3FI5NXV0IFALCR26G7F8H81 8IJ8U V6C4CHDV3WI', '7LCTS02KYHI32NBY5AOGTUHNGMD B5YT6S88KG4YBC4RTPE6I VNKMUB97QH8QDAYHG2JDLIJ9SIFVAJR7 ELRHP0LK1PF90XVTT9DY4D35RY4BABUN6RXVQ4YNGNOFWNKOUY0NUSA7N5GP0SBT7MOCP3W89N1J3SRQAG0W3WRF4FXMH0LYHCR43LOYSX2727532B0XIYYMYVK4UT4UUSTDPH0V7DBXMW09UORU1EX2M5J4IDWPVHM5NR6FDJF4', 'R0WVGK94V9OIXDEB7W2ARN130N40B93MWSGMNED4UEEKBK26ISQFPGUFLY6KXYQBJAIVILD XC7VLK13JNRIPHD82UMIDPHTAQRQ39YR1LVB4H8PQK8KS3XUL61EIABIA0K8BW 4IETX7OO4VCURTVW6NNPP1QBA2W0L18I83U4Q0VI26O 8KPYO7PIXLDSLHXRXYAPTWQIQN14P8XM7RRTBLL0ORT4GVD6HQEW2HRD24F0T2AHT HEMK9GKYYX', 18);

insert into ItemLib (imgUrl, context, webUrl, Ext, itemId) values ('EIUEXW5XIIAF24Y83NF2WT9GA0C4O33FVC7Y74ESAEBVG LKW92P3LKSGYBG9VL4NXH49TLRO 7NUW6K66PWWKBXYNMW5SI87 R3YPQ3HC2TCKXV6YOU4L3ARK6  537G1O 1U1FSBME3Y6PG22OFVOV5WI9CKT1QFM06IT15I9I3BEU3OINFSY5XQVDNY68Q7KFVBKOJB0787AIGRC N4067R5X9G SM87GM3XNBXLPCDNKE2J HU3HKNTLHI3', 'STIYGBNE64SXKEKS4BY8YJUJSG908H564C43SY8 C4UVR7TRM7', 'P1264F NXQ6DENWH3UI7WLWEAKYH L12PXO640G9ORSNEFV0KO0C3WG097P9IGU060N XL0H1CBBG6LC7D0KCV5QH59H6KI10YDRA H24HXA76C2GOLQEPS9700625T9DIP2UMPNAF9S2HBN6GH3Q4A6VKWVW1IJNN4UYMNQ4IIK8QUIEOUAMLK ARDFCOEQLGKFSS6RK9DNP88YIKFF38K2INF4P7BM77JNBIB5TB5K8YU55FHX0SAQUIJO7G4', 'CYC9GY3MTS9RUCJUO4QWDQLTK8KN6KYWAVOO32AGB6FD637E281U5G39Q7177T9YW50QQE49EE8K94JOCMPYFGA49F28CXM69QSFPA 0FNFDA0VSDX2KKXQXQ9RMAY1P  7DBVNRBGKFJDW1J88LY29EBI2VUWUY9M9U 81UGUW28KJUSY2PYV1EOBN3QMKFSUQT4EHOT7JAQY0TL 841AHW3B 5TY3RS64V78IUVACPBTSPWK5TO6839HDHXKJ', 16);

insert into ItemLib (imgUrl, context, webUrl, Ext, itemId) values ('CW5UFS1QS7CD54YGB65SY89K7 O41FWKYIDGONIYGE8CQ8BUMFAD86X YS1U08LL9T5OIDAOJG75P542X6M96EQ1WSMJ9UWKGLFSC2B7FDI6CDAL3W 17 RKP54BK6F 6Y RLPWY4J9DY61 NH2 QUGMLH11Q  IQHE5Q6KI3PCEVVW1J6B29UHBCRL4N1R T6Y87B6MC5DIGLMNCNXT9PV 7FWP6V4EQDTXKTT6GESP2E9U1 WI95T5 8PK72U', 'BWGF6DT216IVFMEH30DAF0FHFBYC5 S10 AGWUA2EDE80C9C5R', 'UR81N7W13CIK8CI177QSQYNP7XQT7PUQYU6O  ODSWT XD786X6O2BWWKOVS7YH1G8QHPX9DAJE8DFXUYRH0OB9XV7MKKH61O4R354P5LJIOPDCEEHO5MV4W21VUOIAPXWCO5EOTJKM8GXMD75U0EPIYYWOQ73X1E8LWWELI GBCIHQA1292YE49AT6 C4T453XY0IGFKDDY9A7QFVC9L6B1P2PSL6C18QUMJYXSWSPMGD8BTFN5163HS9SYXOK', 'U0NT9OKY3OB0NDAPEAF2CBBCBH8U7Y3DNRLWX23YCQWX2AFS0SL YJB00LC74T18AUSAEXFVL51BJH7EP LOJVTSUW22NFT52MHMXU4F4I66BGI5W0APNX8ILB TWSSDH 7DDDKJ9 3ADN4X3I0GIA 9676NLW5H3C0SA74GJ8289LPY0NF YOCFRJ0G5S28PNAWV 1QNGPA7VWOH6P9KPJPKSE0MIKS7DVGYEF5FE2N315UHABYG5M 0XJSR7M', 1);

insert into ItemLib (imgUrl, context, webUrl, Ext, itemId) values ('WBWTSBAW9HJUJ7A6WAO21UQWE2GN5Q0TRXXO119421XHC92056LXYLXXKBO4KN2EHF1ULD6E 9EI RLN5C3WG33 J5WAI1E2M99KYXD0IU7G17I9K U1F1JHHGM2GW8O C0TBD2HCY PS6FCAT BC4G2MRN8EAJCH53GKFELCDRD28TMA2 DG0YOD08A3CBG7QP05SHGGB BF 45QITPJI0JBT0IW5FODLJVA98FUMI943N8XHTL3CL6652YUWM', '5O7QYXNAIXLN6BSKJKBF4 X YRNA8R0CEQ4T7UMK35PD68EMKX', 'VIPY5UNCTIFDB7IQNMXYQE83WY81ROS5STS3DTFQUT9MM3A8E2T4L70OJM6B1NHI U28LORP43LTN31V8BT7TGXTQ1IJ5YIMM9 IO2YK1M0J0KXJXGYF2F53VEWU07E5 L47206AXICGVAUQ7HI5IXQUBREH DGGA8FRO18H7SQEWFHKUA3VT3E0H58X2URHWK6RXXUFCFLFDMCVONJ98HP5UF RRF7W4USYV0E1Q9MNYTP5KA 6I30JVFHP1AE', 'JPIY328ESVBL5HPWI8S7JHQMIOI34WY24GM64C6U0414IKJFY0YQA57GS9L422YPITSLQM3PIHUY6770S9OL7LFYMPS3H E6YBKMUDRP5GMQFWEQWNAX3M7T307V YH2XQ545Q1J6LRJ9UWMEYOCLPFPIDIR10HV9V5C4GUT3P7UHUFMR4AQ2W 5J6VESSP 1RTY213 NRDJOETLP83IN2TL2W0X8LFOKKU0 JPGWS9X9NW97ILEBKWDA88T4E0', 6);

insert into ItemLib (imgUrl, context, webUrl, Ext, itemId) values ('YETK7RMJ4UMMMY8MGCSO0BDHDVOUIMSKIT 8V2P5IW5 PG35PMTLTXEF6EI7TK1UWC9GNCCRSMLNISG94JG2LGA1 YAH9PVYWTBE CFYFTX4US1W4044Q 0WDX6B1NLAK9BS5IW89DJ9AYOWH6T1EAFEBTYS6QJ4AW N7 P 9FHD7E71690OHSJWX9UEDX1NO MIYHTIT676SXHYGOP4RLBOR3M38UH0P2 62G81J2SRX E7W0I1PFUWJCM41RA', '6  1CCIQOSI9HQK68B97JYOGJ8YKM 1UUQD39NMNXK6 DPHV4P', ' B7490X4WY1SG0FKHDTVLYAE42VTNH2TOWP6RDS29GGDAAASN QVNCVRF BFP5QOM9BBNL2 0V1VR6LY3EH0N30SP7DY0NRX1VY6ARNFPQB4PJYFXJDI11AXTCEE05XEW9CN9JURJPN82RFFVGMXGMRFB R 6AHLQW7X83D3FEALWTFVD5F4MRTADVP77B2WTC4H14BDUKHUJ6SIFPS5HY8BVNDWYXQF 7M1OX89ZUBXCTSTS7OG58A4A2T5EEW', '6JNH0RQOK61EPBDIAKFRMSH7SQ 8Y1UTLVGJS 11H4YT U0L9BI8QJMSY35EN96BXQOBN1ITDL249HP1MCH0QVBP FTJOXCW3M2PB3V37T3EGT7SRR8S0UM2T2C12WY1YBL2U4JYY7WAW1XWYXRNCBAXCM4TFU897VEBRVHKFJH B9YCELBB XNIEXSAM844JKPWYUG3DU35UB065P60J1QYM72G2A55G2YTRCRQGD031THH9HWF V8IMUXRG0J', 17);

insert into ItemLib (imgUrl, context, webUrl, Ext, itemId) values ('8IQE VY1NBMTMDOVADYGCMO4NB2N9WMV7LUQLLO9FCJEPKSVJ D7HKF9UDM4KQ0QRRBD561281Q6CUQE95CV8ECEFCEXM56DM0973B2I 77B88KGNI16TPUO641IBN2BHPYPELGUCT5JIK13R3SAUYWARTBU0F64TFTTCAJ8 6W1QIJFN43 BA7FTX3FGJQF52G3NGCVIWYMVE3J64NJOP4DU6HATPNTSTKJG J3BUXL9GFK7W8QRXMD7JQ LKF', 'YRK5HCPNDTBFVS6EHNE165QR0QI 7VXTXTYP1KCH73BN9CK0DW', '1T32OC808N1T3W914UTYNT3L1SW BOJFHIMSNBC0KEVUUXMMHLNDRWM678XS15OM5XI0L34Y8B89YCF0RQYLYYFHJ1 Y87O3CLGUD9Y048WSI5V1KMW8RNNCSCW65IWY3N6C4NOPSLR2VLK0C8RR0VY1F L29UAO5XGFA5R0MJPMM QMA8UKQNI8OD02C4B45W2YMX6ASTPVPU1YDXFYC42YNL1MGEYMGRWN35EA7VP8CUSHDBW3FOWQ5FO1W0P', 'YE7QJWGGP8RRIU5FDMH4WSEGEXMEBX656S7S4I1694UYQMIJ00JN6REFXYIQM3EJGTH 44Q8RJTGL3U6K7OHN5CRD0TBSW0VIQTEON LGQ16FHYD8SCP4MLR4C3OGO502K67EHYXQW9A5BARAA5N268FH17IS9QFUAVSGCOH 3H06M8OY52PDB5BW69OFTGANUHOKEW8MCYSHRT5KRAHIW0QSPQ6NXTFB UIX86R3J89IIXRFBBRG58MNG877K1', 9);

insert into User (usrId, usrToken, uExt1, uExt2) values (13, '8TEJ4PSU8H6QPMWUQ0CC6T9WDOGN80MUUUHQOPQHP44HCBBRLBDCCQ3QARXG6S A1L1J3 84Y9BGP3WPO4MBGDDNW688H71U9UYOEQY1B2JI9OVAF74LS34R2JS1HNWF3CA44KD77JTR339QD73M4P7TPCBY WGN1OGUCIO81PJDSVUX4P32UH6AR1TBC4DOOE64PXUC9FARGW5F96XPS F88XIJFY4EMWCBBPOIEH0GQHKGC PHEA5F48 ANDX', ' KMRLGFG9LAGVKKE4DBQ7 MG2A40RJ1XJT7CLIDTL19HBUT7GG4LOYYFDM5QM1DPJDET17NG5P5755E9L7H1JD9FP71 K3E48FOWXSQBDENU5GH2FCKWI8VQMVLIMXSI27TIQYTYSWQOM56QSFR6VWV8LBY8C4YTEPXOKSXNVVO8B2A0N1R1H66I55J6TQ3NOYAP RT98V 3MEFDVKLQO9HSWW LN589CSKW4R2DGFI3FSYWICIQCP7YF09UY65', 'V5S0G9EWA5VFM7 EIQHVJR1Y QJ X6X9LVL7N6B5BRFN61MD0BEPRIIXHY555AO0H9A 4XJNXF8QAO9X999MXRNRWSL668LHTHMFXO1U69A BBPSATKF0VFSIV2JPY TAWT1V5S EI23FQULDEB9O TAQ1D4B397S POLQRA8JN6KCJY1J2PGSVEBAT9BWTLJCKMGK2WKYMREBRB60YRNQM7CQ9OTD4X0TALOBRUKF3QGCG1VOKUBU6O4N3GP2M');

insert into User (usrId, usrToken, uExt1, uExt2) values (3, 'DHJ9XU2Q9YJU4UA8V4GTIMRA9F40A STT KEMILCVH8BMGG076SW2VBKT8NRIW1LIR4MA2EM7J04 UJMMB1XJ75ISNRL ECU1MAYWRWGUSCCCREIY883H4YEJSA6Y0BWI9YSLDXKXTH8 JFYPQBYOPRA4U1HUT0YRH2RO9SECDOFF B00M29 K117 OQ6FUV95CUN957M32S9H9GOP82FRNB5FQFO OE53H62S1 XRNHBXRW6WGR81VIYGRE64R', 'KV OSL3065UB4482CJL1OWKMJESNFF3D6T9R4NHTI HTDM7P3YH0AA7PQGIM19H9AP7BPX1CYMIN0FIK7W1II HADAA0I8GXS4B3JPABNS0SIIE7FE80G LY0N7VVJEA9P 4TR47F80GFGJW4NV3AU62RB8M8171V2IPSEW8TQF4IA0PBRSRHNAQH27VW13LHX5G GDHW33MLL7IOYN7J BXLPWKDES8MY170ANPJ6P SJ2XKF  5 6BA40W8HB', '1 C8N6DW0PUOE1XLEKJ1PATOP8I66N7UOH1CBPTPAP9KK527MWT2L7183LX Q3QBGU51IS99EMSGANJCSWUU3GI2IBMGG96LXP5BJP4U PUL56Q3WR4599YDLWK446S9KXKN4KEMLMUQ44OKU1B8HKNES0S0WMF0PN64E7QXO5I6IN2WFK8WM5MGKPIOA6MFMEV9WAG NIMR3RAAEDVIWIIS8957B7K9IUN8J8I5R34U25CXEWBWY0MT0889AT2');

insert into User (usrId, usrToken, uExt1, uExt2) values (4, '1773BRR L25DXHQSPL38YRIFU8B3OQ1S0VEM0NMUKJ03UVWQ2Q72LGYD9CD2OHIRE9MIATDXBH9J8RWBV08AT2K7K9XV RQ714V2JHJW OOEEISRWH545D6T9KEMK3K JV5GB34XHL87VQ2NMY0SBC3KPJ6BK29E9KITK6QHJBSGH4UXCRTBD553Y5PVJJP3EX07GGHIONCIEKQ04YQPM2PLY H67EA7XCSHFS0A4 VN04WQRAUTOJOJB9YWMTX', 'YGW55NTAK6UWL8QVD HBW8B2EB64DAA7MSJGPUGAEW 82AE82KC0 R6OG5TQQG6BR5OTLO5 EIJ5BI8BYNDEMXA2JUY73T7XSM4YUFF4GFG JIIKU6XNG1XPG7MWQMVQU1SJOHBWBRS0750X8SCVELVGULS B97WUUI4PFBWI7ID2D1OGR24N9FN34JMPBTVI597RXL4A6P67DFKM0JAPTHYDIWS2HSLCP 4YXPYQQHDVDKOM577B7EFM30FWMR', '8E1RLP8KS6M5BYEV2WSVIVQWU0HGY1YO2B9KK5BX9 2 MSS9 DY 72IYBB5O0QAIK54LU06H07Q1OXEFY6L9IF23NUMXM BDJNFGMVGUHP4X 642CJAEE7T8BGMBKQBRULB2OPEB6A5DKQLFHMQDE3YXTX383EBSCI9CBV6RKPV9Y78ISH07K6JGOVC32U48  YGC5OR7JOP8KAVO3I4HXAOGWVLR8CJOECQ3SKJPBAV1AQSMCTI89T6RHIG46E');

insert into User (usrId, usrToken, uExt1, uExt2) values (7, '8KVYK88IL EE20W18Y4AGF5IWJXQO3113U6O5WXMJ1M TCCB73GAB1O70TIC4AHM32N6VQ8NNY1P 9VJLCY1 X27L58DN1Q6YA8OBBMCX5PNEB7WVO S0UCKTEYHLIJRSDMFXIS ORC0WB4AVWJTRSRV929B98RY605Q3GIFPR9X7BM SH8FL2P7UI9KTUHT0KSX2LQ 5WJNXRTVBRDYP7P6YXV BFW0OA5D1NMLLQRDN8 CHUYT83H E6J9R8C', 'EMXO5OGU6OKXVQUDJ5FLMJK3NM 0DXRX0EXCJONN1R37EME94LR85P40HUT2D64 KIE1BUWC4E9HQQT8Q7OPDFC48MYC3X 6MLRVIHOPFRT1EHYR40ELQKTYO0E42TW9300X14OYFU11 MYWGTTJJB8JVVUNRNGIC WCOJOYXDYUT50695G654IGFWL7JMIT6HSC6UO06W6PADHQKEI8NPPT7GL5O50GP7N35FS TR2YLTY6OPSF64 7MSISDX3', 'RF4PKHBA MHN5H6D73 TXJGH560CPIQFP7CLMWS2NND018HPPMQR0I8DGDQRDWCDQ27UNBL OE7V9JS4HR61MXPEM2WGSQT X2SKK7JRYM51M36QF3TGS EAUXKBA0FR B05GKV1008M563F4821OG7HXPSMJ9T AXR8KX75YCGYYLEXQT72JOI9D8FU6L0RV3SSAEL9MEOQCNCM5JH6XG0MC9CT5KJWF S25JF9I1NTU8LTV306E6UEMN8JGA8');

insert into User (usrId, usrToken, uExt1, uExt2) values (14, 'PW5JF3LFO0ICDQQJCRMKD8UU9C F91VDLVXVI7PK5SD7 LF5C0PH1NVU9DTDRY7NV45R3BJNJR60IFUHBHLMCBWNPHXTL6C0CN6HO6WEU2K2BFQJSUHLR UJX2DVODQFAU3YQJYRLB AUM7AU8CLSD11PY CW111IGTPT 3RXKMBG0K0020L0 YREDDO7KA5DP0 I3YLE7IDMGG3HB120CGIVWVXKAQ8R64NF8JN52EGVQS0U7R9FTM7JKPV0HW', 'EJQ6U5XAAW0I0VC4NFYUIOMRUFVLJOY 1NCPVL9NUVJ6954TVXVR82TJEQHUTLI5BF47GTPF5L1C5EJ21UXFH4JY354T3256QNYA 3PE5CWV3FA0W5D81LXWPM7RTTPTAJGBRJ1HDTDFN2D Q79DT0GAIJSMIM9YKO467ATPW3G6BW HDVFKQYRCDPRYQ3AOM44IR8CBBMY3OJQ46CGAQUUAKAT01QE528HKVA9OQCENAGEQ 8QMR  N1VFM1 K', '39TAKVIMWQ33H Q8J17TBRRM6O9RFCGDPFVT3B DN3GJ6M1QJJPUY L8DM1G248NYJFRQI4ER02IPMN HSBYT4O237VREBD5UXSFSLOPAKTE34JAO YVYFGXCWR0ML2D3JB  XWT2LRJOB7BBVEALC0XSROH7S57A1DJ60LKQFV33OP8BYMQBFVPXJOCVVX PNE5KF29N6678PNHEAHO D473MSNPY7EHCSQP16M0KSWA4311O IO2DVB34E0DF');

insert into User (usrId, usrToken, uExt1, uExt2) values (16, 'W3VFA6S2GWEU2PJPIBHA2WOT BVTWJ9NVB8V1H 2PSS7GNHQEKALX45Q2QKW29N24V0CS YB7MBLJB1LPW3A4SCBXQ H48NKPUID1GRY MFWTBMAL2TWEO7S3VPVEL3RWPABXNDB5L TJAJ6CCUNAJPNB7T4YJQO1KEBACN22V7TJX0UGLVLX7NOGBS4H89HP BCLDD45BT4CX65J72K5IS KDHGAV9RL5V20L8O0BVS4029D0 3DBPVU 6KES7', 'R0UXA08GCTI54S1377LGAULQ 6ITCD5227828QR4 PVCCTK7NTUJQ0UW2YK DQJEPS 7NJGRG5JVU39DD9TP0BSLUTWQJS8CII6ID2T2QD0GSB6KRIRITWC7ESOOEAB1JN8T1X83168J08D0D6C7JVFFXEL53 RSV 1URQ26MTID1LP7Y8MW7DQ7VRMBEPEAVVU2G5HV 6L0 92XEC1EHL QRE93U72GY6AQMYN2QMN9N14AQLHEQTRKAJA5KED', 'LIP22ASBPRYT3OSP6JI4HUJSGGLSGDIF2F QXDRD1NDCN6ROOXVVU50265KXMP1PSP2AYB8UI6KLAT7OM2IBMKTDOS RK5O62KJCPQNNGNURNVHYMKTJUCFIXKJIX5DEN0LGLGKBL572AX1AKUTNF0IOEGKD6F5DQU5A0PQX1JBRPVK T28T6EXRX72NS0ANTMOH7X1 CHJ58UUU67D6TKL1PDOO065DWQFRDTJNGESK5AU8R0BYYWNFE9OR3I9');

insert into User (usrId, usrToken, uExt1, uExt2) values (15, '8KPB 9WS8HSULNYLLXIJMPJY NDKNG7H1NUACU7KKG7M5HLMVAN5A 409I9RPRGEI0AV8THXR1JHTQQW4OWJ1K07U1V7HBV5A AKGYO63FB6R693LJBXLK7SA40TIPVUA1O8MPTK73LRW91RVEFUFPQXAOYX38UIQUQ452X71JWRX50CS1CCVFOQVVM8ET9237B 6T42PIE3DJ48GANRYQ34F0BV93JB41TVPBI5OVP3IWEQA6IXJD40HIYDD88', 'IS8HUETKXO07QITIK6O89Y8IIBR11A6YW31V7NJ6WRU8SOHTG1QY7T5NLWB4 IF9GU0EFVXCN102KW GVVJR8LVG85XM1B3Q644BV5ST8T1I2NARYBA429S50GU 2G7NG5WBOB08WGYQYYD188S AG9VW9U4NCQ8UCEITTI58JBBRMAEFJDM6GOK299B61QLA97GYQ522T78R03YLFVRW7H707Y9UAASYMF0MVYCI38W05VO25NI9A6MI1A0MGI', '4CA6SKGFIQGQDNWP17 PD52E93X2B7TD1Y7GDS23SVONXTNOQFGVRT09J7BGOCA9VV7FAWA043THOLU67VIRCAXUOL22CGA TPQVCRYVRXGU2Y0UYA12IUBWPKLWRFIPMF2AE07IGDVYJO0E1WN2LMYB4R4HE0 RJI9SB9GXJS8ROFXQ ASP1PX6 AP3TTXLFO4413F9SYET W7XUIPK71KQVL2LKHVUM79SHU3RK31C0KH59XCYLIHAYMSK9GN');

insert into User (usrId, usrToken, uExt1, uExt2) values (19, '1VH6AGL68QM0HDAT0 XN18OX6 01M57UUOSS6XDC3VY0EUFG5IV7QHOOB18G0VK 95FOUG 6CE8YEHPE63H  H3L144RAIH7S6WC02FXLXXKER6R AG7956XUYQ KVV5SX0SSODU99P6SSKOEVMQDA Y5JANFI9HHUMNQW58QLCMBL7B4 WUKE5 A57WUTUX2OTYS6PFACU95V3WR GGIT DHE B6XF6LFQEAPPR38AYV7XOWIJY7NEGU3C37PJ', 'OB9PI2NV8 HJ3ESQFF6NE0X9IKX747LI5296QD3X 54U1IAV J39EJ29JJ34I4EHYARMRD 7N1DCBRNF3MPHS39R9201FP7MP9375OPR8UQR0CKNB2VTDOPC4Y7GN 06YKSPVPAOM3WDI9DQ6MO9949MHGFFBVHC71GG9MF6OMM0M8213ADF0XIAL0LIX YITWY93EHD3JW NS9TDCBEMJL0NAQSFRFX0I7HIRIIH6W669BE9E3SG0DJPD1Y6EG', 'C O2UMWPYQSM9FVQTDEJSNWMFTO87H3D X5O0GHTFR1E1T57EU5SMYW4UOFJDWQEWE13Q1Q9XK9DXWMENVTGO13HC7 KL8KFDV602FP5EM9CQBH5D7GOVH F PW224NDRBUXPRBVWX9W0URJJ3HCRV 0VX3GME1GOBN613G3O2WEV7EWCCS4IWEJC5W0PSM7VVOT3NWR527 68BW1BLI 7GLV91SI38E6MEOKLA3UJNKDR8H5UMPPIA23LNLT7K');

insert into User (usrId, usrToken, uExt1, uExt2) values (9, ' 3ES4 HEN78 6GU1WXIM94R2NFE5W4WB4F6HT19SHOMCUAWDV77AU5S8F6PE I KGFLIQ1MEQDYYF58MX 3APJ7T7YP91C7SSQUNLXUJV32K 9J0GFYJC 8EIIE2E2L2009XP433EL33176KTLU3UJU9UI19VG072RMIXD8NVFEKO1FUHG46SPV9TI4ISR1MVDWNJVXFW5O8J494UVD59ET Y0JL0J2GD8CSH8OB16WFPCGCGNKLYW3LXDBH W8', ' 1MC04A4TE7U09R47U9CRABCMRJX3XWE2X7MAW8OJ9K6DE4CM82Y0A4O1PDU U05LPKI87P50FIJRF182B9YQ1X5LCPISHAC097LDVK6K5HN4MYQ0 IHPKY85DPQBT27SD KO2H1KK9G1N2EYYSU79B3LERJT8GOHT1EQEWQDRYYJLEIFWDJ1XRGUXL04JDCL5Q3MV0UGOWF6YQX0FS8JSYSTE7HLVGDPWRVXYSL98O75MM89 VNMG85H5UF4V6', '3NOOFS58NHM1WLLVU9AWSUKW3S1B 4YBOIQRGRK67W NENNSH5MXI9584V2YDH8YQ3WE 45KU3U4EYVH5QAMID05VGL XP1 8X M 78NWBVJXN6CX5975C1ECS54K7AQBN6Y8 4N1TDDTFJP4L2FK 3NTAQK13 FH39A828P654IOR0REHQEOR1FUJXWT25AH9LYCPXRIWG8VPLMLDVL8QT7A7S36KUCD9 MNWPTIW78MYEBX K POED87YL8M7');

insert into User (usrId, usrToken, uExt1, uExt2) values (10, 'ENJHL6HOUXVAOVVK2SGT51WS DWW8M7JVNF6TI  69HEPADXHFWNO7JTP RW5ECPXIYID0KD7R3 BMVOKYGS7QBVVG4AMBJ7BA3WBOHEF3U6H7UPS J9UD6GCJXA8XGCD4O X1BH 2MBER5OE4HEYFGRN13FQ94757GQL65QQHC1DP0373IR QVVVQHGYX1NCP5DTPD334SBTT55SLP9JOLKVITG 13B9TBGDQW89WLCEJLX9D51G55H26OS0AI', 'OFJ34SF2 958V1VFLTYPTN SCWD2E4JSSFDYDXICI 6R21H9XCNNRLRLQ19O8I99WBNVAHV0G0VOOWH2QH8FSWNCE0TSTTVGVUINP8J5OVQSOTFH70UXALWJ1V1T7 LX7Q0DNG OR8629K914MFEV75I1TQEPM212Q5E8W0AVQJWOIBX14 D8SHAEYPINQAX9MQFRXYFW0 TGFA82C9L9XDRVHMEL QJ99KBQEFCBSOP7PCQ12050RNKQN2JAG9', 'LGDUG160MY3SKVWISU6GUD2Q85KL4TXAXB31 6TD WM2TCM2U3 QXAWWYNHCYIVB4W 03JQAIOPITKR89OK3CBYXMR9FORHEUASR6BHCRVS4XVO8OXASP2MV8PGMBSFTR HRYJ956DFEV9EAMFNKVXXVP0Q69I1RBO32K0YB3DFDROKOL1AQ92K2UHUVEOAKYEV8LA3JUBML5QINXV 3MIYNE9S3YVUH0F7C0QVHJX27YT8KWFR24X1TYNQPKE1');

insert into User (usrId, usrToken, uExt1, uExt2) values (1, 'LXUGQ2YXP NCKVSU7G5QIMKI LON2DT P02WAXI4PPCLT70SLWSCF6X078Y68LENMRR0H57KBIVO5F6PFO3ORCOG3DYLGB8Y37BYY18RD79XUTTBVMXGTJV0F5O68E5TPY3VN4FJI6IJKR0PV5774B29M952BTFKQ9JRR 362HNO6UAE5FUDKFC714FCPOWVA31IRH2F9USBWQRB65SD9QB7OSM0S90XA030EJRC1O0E5C4S8S1HK853GYUX32L', 'J7ICBRPI2BUNQQ922D7VDOXL31PHQJV2GW8MWLRPEQWTBXHDK7NEXLNXKDXB3EDWJRCWU60VX1S27WDMFBD QANPY4MTY0PQUWSL7LGB1DB3EYEMK491YG5G1658YQ4373L0C4MRWJDL4FMIQPES2UX1B8WM12GV8PQCT3KAD U30XKWETQEUIBT5I92DMYBBU9PL5TE9SN3V5BSVUEYBJ5GM0OFG7J5M894SXJ1 RR T0II7UGFT9U3M9OK1RK', 'WOCM16H4U98 TJ7ARQCOHBXIS2DW29BS63 THUGCG1IPMOU1NGO1S8QOV5BS4JJPQCHNC8CO1QDS9HIEN4NAX7HKCKQXD7P2YB94UXMYF4NW1KQ 6KT F11TJK34RLAUCV EQXJNGYHUNVV0QM2V8Y2OUB69UCHKETOUBL6U1TANER1FU1GV JY4MU3FOKAHMRKVESCD27SE434S1CE2OTYRC54TTPHJMA76BOMMILYF5 SBW5LLY62UE4XTFPN');

insert into User (usrId, usrToken, uExt1, uExt2) values (5, '6DB8YR92F4 GRPOHIEDLV76I1X08VKO4L0UY04XGL1GA5KXLOHOKN6VLPKY JCUKJE7UP5YW64HP71FOR43 TOU63IHCKVHEQKLIIPYVWE0YHPNHRPMY98QILRWIFUNPBBWKRYMGVRRBGGAC1G0OTPCF338SJBM0W7MNQCV7MU11HF42BALA75O9S 4H8KQEDL ILMQ842SHU13 SYD00 TUDSUXQ5KJ6MTUFTG6PNO Q D11023TS3LULDI7XS', 'F48TJWCBJVA6 9IAX9J0PX28AUJO77FYPKV3SOEEKYHVCWUB7NA7KJMTXPQA 9G4UFV8M3BFC31Y4PDT S2APTMJDFF1GT9372LGNIDNCWDHCXKKAUMFP62XD2TK2RGDHI00HH3VJQHKW23SJU9V4EY 2DTG79RYTNS4JW5CBU5CLYTBJHYWCGJ91YWD3R1FQ4936VBWE5N16PNHJBDUON7W74A1X0DX7DE9PUKX F2S8NQ67OT0EJIH01T5S1 ', '8XWDIYXFQA827E2IW0U0WYI1BCHEX3T5S8X8TPJXEGGNB9CI32RUGD GQO RW2S324Q48I 120BJKP8S2O6N E8NCY6EK1QEMBGQ0U1IS2WUT6I7NK67ARCP1QK5W74QLI8 JQ U9O5 7PGAEGVMDPRLCNL 2EXLTH13EOHCV YKXUNEF579E3AXGCJ9EXH7T0SMCQL3O61LEM6QLD1SO6989IMJCKIMPVCA9IRXBF396OF5D063NWAP9T PJQ5');

insert into User (usrId, usrToken, uExt1, uExt2) values (2, 'J17ME87C64LYX7A7M0QXR0KXGOACMM0A562I VCYYJNLR971P580D0IXVQI P U1I5MDD65YPIC6WTBFS6EX8 4TUBQ98337G 7LGTP5812 UNF5UCTYP46JX25RORR472SC4FGKSGVW4HN3F8 26IQ442RPLM3AM89E8I3C8LOI9YEBOV3U335T1TD J9MB0N66RHMQVM51TKC14O4LXQ1 T6I525609YYTOPB8M4RDFQGMYGV758C53ILGUNU', '09KSBVPSK5M0VCH591S42Q8201VIWF8EASP7YHF2TDESYC1ABXIOTDG4HYA2ESWSX APWBQQJ8S1UKD4MLM3LUMYDDV3RS50GQ2GYEW9MGYJ9XSTNSY6EBGU1HEJI27NAQYRC3YQXN9BIVFDW8NSSEDRWBVEOR2W0Q84X9PXDBGJF45AXK30U4KBCVPYUCIP68F712SCWWIGBXNTABY16V2RV0HJ5O4MDRDQK5K0HPOJ4UDUNW79XHM1XH4P838', 'OBXE755VH5YP4Y49EVW9EYKHDM1NWSCYY21KQ8B6760CYKNYYVWV7C6A36YJK0SWS44GHV5E82VEU3F63T JAS4MEEBJGA1BF73FCKEMM3W65N7YVU2MPCFRPF0CIWL0QSYWK CB29FWHL8S3O4HS9MF52VN28H5GXO3KYPE56TMTEBJDR694YPPMRT0MV8A3DA75GU664GFAQQI43A4N A3WMRW3J FYIVACLLD91U6GDEEJHJ3I0HKGFNOK3B');

insert into User (usrId, usrToken, uExt1, uExt2) values (18, 'BR7Q 0DOGV5Q1QU LUGV99A611IOPI20BITI5RMK4M147D2EN BH0UH2GD8PHRMDAXMYD J28AOOS2MKL32UAGAQFB9DW9DTN0VMCU2LSX908JJKFH5TPQ583OI5UUCMYB7RFE1T31FGPKRQCWG4FBDUSRA9R7G8YWPIPV8OIP762X5PLQ76CW66 ECSU7JIJCTNSECEKK04RGJGOS3AX5O4AXTHVNBHQSGV38XI0PQYX0J67H7FCTWTIA90BGE', 'U7N6PWJ7O4 IE8VLVKM36Q7SO31S5BA 7C886YOOSUVTTMGA5RS4IVNWYU7 P1E99GO5H9EOEQFRPPD9HXH410W4RTJFDOWS793WYRYR7VKO5JW4FST5TGCBLMF7C1R0UJIQ81 6KF7ADOL723QLY W5PV6JVDA6O1T503J0KI1HS4KOAO22RYS5XA03HK8CUKUW6L45UCTJXK7FKBMKQ7PIRK1QSYQB5 A3RMK6Q52YI2D7 W38G3P9FEBLKGB', '02EHAGPB39HFQ0AM9I9 27 WDKKHNFKDRAR9437YVWRQU2KENUHTWGVRB94A E6VXAYCL4PWOLQ94WI3G1U6C9UQHFU4RG804F0YDQY5SK0L34IR CO91YB2FN410S9IDWKA2DW7 TQBAN6V X0CJ4PJ3C 7N WN3P0K6QL3F6U3 N7GKLHMBMOFVO5PFU093KA44UADN7UKHKJ49 FFPL3KHNYQ5FION1288 B5M8WF 56X1JS30IUC4 FJD5J');

insert into User (usrId, usrToken, uExt1, uExt2) values (11, 'IQWTLKNHTOTL7CGRDYQ FHPSOKWNP9IC8WUOYVWDEL3A3GRPRV CVRL7GKPCRIPKJQD10CBXKW9UPDTSG 9K4CBV5Q733H2HMWOHGY8B0 KRUUN9SM1CC1QH1JG2E9KA09MUV92ONBTW6B9DC4DTH9QKNH W8L86EQGGLM61OICK1SO912UG85ALVBVIVU48VI11OX2AJEYGM1 W15L72HAXSWRCC4BDPURP1S592W2MVFB8T98DBMSWUBS7I2 ', 'P25U20U5JA6AKECCHCB1LQM98PMR3RH0VP  F8GLG3QVDLKRI4HYEG69 3080F03 TE75X5YUJ34SAGODDB8QRS1XQEHAWIEYVDUDT7RJIN8GTALVWU7XUX96EM68I22KWV4LNFV0ORA9MVCM312K5P1OLNTFV6P9O 9KH2LNBTCGEH900 XK7NV5DBYNPX9CLQBBE0PIDBBHW 19DQU3QVP2IOX3U 6WP787PM9IEO144SQ9LEPNM1TQFM 4CG', 'QEGN8QQ92REWEIDDJ7H9YF03LC69BNOEVDU0HQYT8ROA83KG3JS3F 43S5LQDEVJ 16QFAQTDVP9QKBYB778WQ5AVWAUY01IKA13HDJAPOYMPSFJGRB9UJL9BF58GQM3LCW24S0EY5RU0G4276FGP7AS5VT87OF7LWY6TC6HFP30H5QGWUNQ1GEPXWPQLXHWM19O4N9 Y5SY3D1XCJWNEXA4PI2D3G6E9AKIKBUJUOH2RLYQWGUFB3N833VF344');

insert into User (usrId, usrToken, uExt1, uExt2) values (6, 'KJ6J0DGYP95MMK0R43FXP0PROPOM9147J85SU2T18GF0C7GJAXTEB F9BCEI5A88 YHHKEFYFA58324SELSVSU6EV X5VG59J654XCJAQLVTL80T PT4001A77YVWK5IPK5R3Q PILCR0MTTI3KGEOO25SBE0A9AW6RXL4CT0QHOUST4CXTOPTGWGTX5H83WEACQEUQCFPAO1802SNK624D OPYYXO OHGGTW220TK1CY50  XWT365LE2N8FPV', '8RPJXSUTUBPF7E6SWSO4CXVB0789DFF1NJ V6YF1CC44IOAGEDC2J NECBML50EX0OKEOW784U9AGJXQKAWFX3CIFN PC2RWDB3C113XWUBKJVN44MFG2VEG5OEQT6774HXXQ474V46K2V6Q89IDE6IIXJJSF4IN4X1G84PFK8DYC G2DSIJB5GIH6R3U0OLL438TC0WYK2EJXH8JPE7277T E3TR7TV7GELPCN7E84OQPHW05SSU2VB0O78NC7', '2NGG6STO  YJGG4TCG6X FFGF9HWT5Q7GFX8WDIW7S 4W664CFQESC9W6VXQ2RYM8QD2J0PWD667R XPKQI93RTK851NHGEU9CWVNBLCPNEH3XEOVVDCQD87DRWUWUKMKH1BD395M7XHO3JGDVH77WLXM1W6WIU 9WQVK0QKOCCHTM8OA8H7N4V35RYCN5K8OX9SPWY3N6RLLP7A02GIYTWC89AS0EY AEF4XKOIE9NNNH6J4YR0ITGNCELSJ 3');

insert into User (usrId, usrToken, uExt1, uExt2) values (8, 'IJOLG4W5BNKWSRXNOKSOHCXASHCRGKYTE0W81UCBW2J2276WAMVP2VRUM13YH7IL3VDY9JK5UF325FXBA0JDOQHC1LFLO46ENBP0EDBIQFFII476Y3UQ6HHRCJHLI 15LYDCXEOGM6LMN0804QMNIPH8DM3HKGJW TKL8L0725BA6MJF44FILSG2G30IE1BUHAA0RTV66762NG 7TUPEE2NQHJMJL5DE68BJ1W8VNOK6PWMBM K3YSNTVX74U5W', 'WY WX20CFP51HVNT8M6 NQQQFKCEL FBMDL7LXGXC10 NWB0VHHW6QH830HO72LPH9YM382F4 BPYKLP46O7WQUYU5 OD7E4GXH1TTK IJCQAMKSOO228JOMN6GPIILI41F1BGXYT436INP7VCRHPU263PDP 29XHOSW4TFSUJETI5O3I0NYWBGM8QW97TRK5BCHRGJ4X V29LHSXSFQBFH8OO3NOONU9VNDTU5RY3W1R9EP1CJONN5CKEPTUEW', '2QOBO2TOWYPT9C8PYA1CGI 853KXBDM2OSNJ2KJKLJ8MWO69CDYDAQ7TE9NS9B4R9DR0MJOW9G OPBL9QFXKTLEP5S605W82IM 4KR34SAO4PKT0ILPY27H9FQ2YD8UPFQSLSNTKDNLFMD7NB8I0WCIUMEVB24SCA68N0ATIHDHI0D4C2S5NVDFMA4M560 JOHTVSG43WGOO8V 4 YX4FFBQDIW F0BREDO8CHSFN01MCR8UIHP5P68719URBVS');

insert into User (usrId, usrToken, uExt1, uExt2) values (0, '1RU7PKG9 NAJH 8VVHY0 A293KOSHSAGHGTBRW5ECV33I6MD3UKQ5GYKI1N5E4OUKY4QMMFF KOUF073FR499KE04B0UFKE48L8DSCQD2HXA28 8GQ8VQQB85YFAQWEOP31WIPCJV 7OXLVBVTYNL5E61YXL4XK68URTMEIIWV824XO4KMSGI C3A0XP2HNIBO3DM4C7RI49I25QM9KWUGRHM6BAODCWK 3JPMVP8UHTIWXH7ELFKU36X5BVSJ8', '9FM1QYECNCWNHYEYH9O7DGANGL2AB9PNIUAPHTDHV0T2SW5 VI6H GLIAYE5EH4EG80H32 8PFPW0OLKS9N5DCPLOECHX18W3T83SGBKLLSMWEM5DKCR0TPXM5F4GLD5KEY0DOEO12RJT55DSXVQ3OJV91HS6SWI79IICK43UWNRR5W6GG96FP24VERYZA0JH9KLVVCLUOW3GJLTXP 1IQ3LY2XTCTT31QC2PIR94JF78JRSWUV FL8G5G2FG3E', 'EMPF4SHWG1BWH8NCEGCVSP1AYR72T31CQQK7CY5M2OV7TLSTHUOCK40MT8FQTTK2XE4O3GT21G8DIU37Q PLFITEJI2LYD8Y3MO31QJF3I7DX942QJVJM5TURXHTRBC38NS54X XUBNQST2 XCRQX3 52068731M8 36U2ITRLNGAATLNL47F90MVNS3LVXOXFFX V2D9CH3YBWL7QUIPA7IL039PMGG14PRSVAVOUHSR6JMPHXRNKJ6HI42Q3K');

insert into User (usrId, usrToken, uExt1, uExt2) values (12, 'UQP86PO2I98869AI0N8J8DFR765LQTVT4S9FU22PB ORGJ8C8HHHBJJ1YKV8VVBHSSOYWYML3KOSMQNUCEDYD1G52FLO6OVJ5 FJJ58D6I9KEYJ7T6PU0HN6F93T7OJ6USM8O4RL3BYM9YXMEUSGI7H5AOO EYEKSRRL0 6RPQUYH3X55HHH 2E04H9SW6GO4L1J2HF74MLY6GKRDF62CPVJON5DOSVGC61D30G8Q1BG6R CP3PR8DFJ AB9HTS', 'DMMCKCA0FU4IH3GWW9I6J07596HNM5WNS6BJFX5MPCMS5OJF80XK OHAQ LLYV1G2TTBU50226SD6A4L5AT3BJD1YPR5TTBI7SLERITOO0TSBXJN9HF8ECTR8IK2BQNIGIO0V2MP MJW576PI2JVUIWL7V EG4W0FJMPOJECS190YDGQ4NIA14MQSAMOW0 HYKIHHD9M3CSVUESOJ1676V144ILU59WB5IYQDL9K9VKLPVPCJ8WO65BROEJ6I7L', '2JKT AJ1BL60WBHDQLN9TKY475NYHN360IPTN1XYGAPULV4Y5449MA2XPVLXSESJG9LDNWATCD4K68S5VPQ5WHAW9RDGYV ONEQ0HS75FPAR0M NWKXU2 A8LRA3RPTGAUH2LJHRRGVRG9IEPEXWOK19 CBW3KPVQ0XEHU8HV89IW5DGEARL8WTF99BOXYC2SO0LRAVFT1QMRBY1KQ6S9K6DQRWV49PAS1DVXF2S9B8CIKVHBLS2F0WWBFGJPV3');

insert into User (usrId, usrToken, uExt1, uExt2) values (17, 'R5IXT5PC095PM3CCQY3LG4YLLEN6BSWCALTG1394OOB 3C8TJC7RI81X9J6PWYGRQ EUJJ2U660UW44NFBBQOJS109FFP1F8NWRUBV7OGCYMFDB2WKJI3V4J7R6EVVJ2G6KQPABQA W3JWUBC41PBTK43H95X52JJ0LEHRT6G6UMG7BS399DCOAGU5STT90 7TT6S0O9IAX1UM2QDKQ4IN59KSX0WE RL9EX7LK61YERR71LCW56MMMB7P1XWMA', 'QEE485WI1U2FO80NI5BM8T0JF7 NG0 4 FEP8GN7TRIV3UR6TRJSRL4XWQFLRHAI56WVCPWHL5 T5SOVRWCCMTUMUJ2MPKIU7WCFJ3BL HDTM2XCUJAUHJ7WR9FI6OQ935FKAL7SHGSUNHG6FS5BIOU 5P5JKYMWLP 6FYMBJ3GISLQ2Q3SB8U38D10KMEJWFOXJ5P4IFOQW0Q PY9AYLFWWPP0XJRIJ9FFJ553PFS5NO31T68SVXPXDAE9IUJ7', '2MOG4NPSXAVJMMQ1EA7VMAM4 FC4HOY0YPMJVIF9DLX80MIMFN9MBIP6OYXV21PBR 9LC7V0TE5NQ2G4E5VWOTGS9E FDW54DXFHCG5V3FJWPJ28D0KFVVYU5RSA3C9SWKBQEYBW6YLWGOS2G09ORG8MXK RMIU0KGLPOIDH8R5A73WU GBVTC7KAWMW JQPSM9K V58L6GLSGN8G6F37BOJ6B7LUMK62OS9TVF3P361QI42FKR4O9EKL KGL0W');


insert into Matrix (itemId, usrId, score, matrixId) values (5, 8, 18, 17);

insert into Matrix (itemId, usrId, score, matrixId) values (13, 16, 12, 7);

insert into Matrix (itemId, usrId, score, matrixId) values (5, 4, 13, 0);

insert into Matrix (itemId, usrId, score, matrixId) values (14, 0, 19, 8);

insert into Matrix (itemId, usrId, score, matrixId) values (17, 13, 15, 11);

insert into Matrix (itemId, usrId, score, matrixId) values (18, 19, 14, 19);

insert into Matrix (itemId, usrId, score, matrixId) values (17, 12, 3, 4);

insert into Matrix (itemId, usrId, score, matrixId) values (17, 9, 0, 12);

insert into Matrix (itemId, usrId, score, matrixId) values (8, 18, 6, 14);

insert into Matrix (itemId, usrId, score, matrixId) values (12, 13, 4, 3);

insert into Matrix (itemId, usrId, score, matrixId) values (7, 3, 2, 6);

insert into Matrix (itemId, usrId, score, matrixId) values (16, 2, 16, 9);

insert into Matrix (itemId, usrId, score, matrixId) values (11, 14, 10, 13);

insert into Matrix (itemId, usrId, score, matrixId) values (18, 13, 7, 10);

insert into Matrix (itemId, usrId, score, matrixId) values (13, 14, 9, 1);

insert into Matrix (itemId, usrId, score, matrixId) values (17, 10, 11, 2);

insert into Matrix (itemId, usrId, score, matrixId) values (0, 18, 5, 15);

insert into Matrix (itemId, usrId, score, matrixId) values (19, 14, 1, 18);

insert into Matrix (itemId, usrId, score, matrixId) values (1, 12, 8, 5);

insert into Matrix (itemId, usrId, score, matrixId) values (16, 10, 17, 16);

insert into ServiceItem (usrId, Ext, serviceItemId, itemId) values (6, '34KVMUXK4WT7NVXXQMG9WP2XEM1X7E 6R0DCA4LK2YK LBNR0U1DUI87BMSK0PRXT7O1ADNRJCXE56HBPVOLN81J62PTR3QWV97 V2SA83UWCNYBYPRYD32FS3UMP QPIJYAR6G1VAI1OED4U6 RHPM2WMM7MAIIECBCB WGASHJ7ITSK2AC44X99IOTV9I57XTKDA7P9GJBKE3 B1WAUSUGQJWYBIY6NDCL974LM PEV0W2BPBATI4T5EJ7B6V', 18, 2);

insert into ServiceItem (usrId, Ext, serviceItemId, itemId) values (12, 'QGR27X9ALA0DYRJL0SHD7PL75FO2DTQ3OD0ECRG3R335EFQFI2T41OOFUHVAD917G9Y34Q4NY1O 6LNCTF0Y HTR18C7BNDK8WC4RD2XJ2310IT4X97GDDI4GPG7EHHCS6USPNFOL5LTOY3BHXKLO4M1KVDV2TGGL 0MH5SCXCD159T7RT4JK3FYDS73V9SMQ9BIU 58VPIRM9OXNEQST3N1NK13IUFB0Y5INPXFHCXBCBTDT494EJC8Q9QAUAN', 17, 0);

insert into ServiceItem (usrId, Ext, serviceItemId, itemId) values (15, 'US2R3YJVRICKARDS7FJGKEC2AP16GXQ996LDXX38UAV6KHUHUG4YG3YOQ812KXWBEWL2 WNM4U4GBAO8KFI9EXBIUOI3 60EVC5THFW1RUA1Y2FTCK8VAGYAP1NS97TH3LEK 35XRNNE9W2E Q 5AFX66 QM9LNV8AH4AS63U8GY707I2HDCURTNXT1X58BD9TJ6HFCSJ9122TX3X 3MPGOODIX1C063X6TDY6IO70QWGTUKP3X2WQ6MPQQ3K34', 3, 10);

insert into ServiceItem (usrId, Ext, serviceItemId, itemId) values (8, 'OR3K9CA3SWGXN6P5PCAKOO H7WQT7SQL32T08L7 LI7 AEDHNJQTBOO9MSHNCADJOXDGOYJNYPJCTIT31Q9ISOJRFUKMEMLGA8EAUV144XDI287PU8AHUWCRKG8A7N5B2L6TU6MWSDA SIUNG1 M0P5JGOF3GGXPOHNHSVC112J8OM8PP 4UVU0WVGOMSF0P24HOLCE5CS1V93 8TP42U9B6 G8GPALWPGVV787BM4AG1RX2DJ2A79GBF4Y6MY1', 6, 3);

insert into ServiceItem (usrId, Ext, serviceItemId, itemId) values (9, 'GEARKCEA75DKNEPYOFPQI8C2P6PEFXPV1D6P9Q1B NPO2MB7 F4HR2CX9N7QVS1SUAH IYN5D806EW9XF6IG3QFXHOFU8FRML5AHWIYSNF 7EBHK0YEAN7W6EG 87V DMFIP2S EJ54NRX7NBE2DJBIWJM61L216N UVN42ADQMYAMXYCKMRWV5IY8736WKC12RUAQRXYXKBT8GBRXV5XI3IAPYVR4JCNCG4QQ XPURH5GUSMCHUWTTNMX5H8G4', 5, 0);

insert into ServiceItem (usrId, Ext, serviceItemId, itemId) values (2, 'TVX0XP6V4I2SY5XGLM4UU0A5SN3ARGFUHM870YYVDRJ1TR8X2XW7TKB6XKWN4DLGCD7MWC OUGMOVWS5QATH3W6783E8NWA1F43OQNXBS34MIJXB9YBHMC3X1I2W42VV BNGARI1JO5MUNXXFOCR0A69VLTAYUJNG2XX1K9FRRC5MAYQ9S6KK4FDBNVQ7AD6DYGT2 OC3GNI7I2RV5K27BRR7K GLHGPG25L504VGCHSOE9CK3M5JC18HO7EIJO', 15, 3);

insert into ServiceItem (usrId, Ext, serviceItemId, itemId) values (0, 'OK1DKPLUFVMOSR2E2SKUGSOYR9Y2B KVUQ1SRTR2PJXD5ROAU407FVV7PTTGPQRT64TL07KVPRI8BRGMSDD0BCI9PK8QV2B413KA 949L429FEJ EE515G6NM3PKV1GD 52U12I5 7XVH18WCBDEO1IOM5B4M9G WXMMD9WCNUUX9NTSOBNPHM6N5LLXQ3MDW72DY8FKP17N9VKYOT1VXFUQ HOWMI8TG0Q9I0CGHWUOS1UMVD5B6A8Y315FI3P', 4, 7);

insert into ServiceItem (usrId, Ext, serviceItemId, itemId) values (10, 'G9EJVK8VHOO62Y30X6M6S3O5DSM88D7DDAOW6H9957V4AOMHXPHSGFRBTNRLH0POLTARKA1VSA156JYOJUX8YMCL4I3HRY921FSMTV8 NGX801 2NA478YWT KGM1I31FXYI6W5YUFHXHEA6 2E1QGKV07VBOT53KFOX7SP8IBQAOL5I8D8J8Y3NP4GEHRYR0D 0XQI7JGWV2EEMYRA0Y2Y4IBI7M1QNAD4BRSUCVGDTJFN3M3AEJ678Q1HNO2F', 10, 12);

insert into ServiceItem (usrId, Ext, serviceItemId, itemId) values (5, 'CVGG1JON598PSE 2LME910FM0MU04Q4IH2TITH G4DYJXE7KQ849XSTLICJTK376Q3 YU81JTU4R L0L7OWJIP06QVAVHO3CT5SMWUYRT5GD7I3EQ0OJS1K3U8F9UMFFF9AJ8QNNQP IB3XS2BPUAFRPY9N58MIOCDVUMSSG8T2HOOQ9 FF52WN37PV0POIUEE6TE9U0YP8S20LYA8PCRY4VS9EDU8CFC24YGT2TOIE1X7ANTEKIGGSFYHOWS4Q', 12, 7);

insert into ServiceItem (usrId, Ext, serviceItemId, itemId) values (0, 'K33XU5IH228P03TFUGLDSTP3RYWKI8N61J12AEVWKWULO1TEN3CQK1B7I2U26CFWAKEC8PRWT15S3PKCTO4MCUG4 LNM3VJ F4LSP0GUX9Y9JKU7S686THLL5WISL2G868WR0VOXQGUBEPTPMK VRQM5MDJJ5P2B VKUJAI0OHGI9M2D3WII6WU5PFR3F4NKX3NYTVHVUB7OTFLGL7V36V PCH3V75V6OY8ALPJ 0WHY RR16M3Y3Y6N30COG7V', 16, 6);

insert into ServiceItem (usrId, Ext, serviceItemId, itemId) values (19, '4OL79PHXML8KRSPEYJ7 OD3XO8K9K9754X5GN7BGUOAORD0PV16E6KR78MMHUXKKP4SNH9Y8I 6UW4VA5PP0LHVAKVSK4U9I6MOI17LS7WY5HK06 8 FD1Y N6MYBMUNLG2JWJ13CHQF0APSEX95890FBFT0KYB5U898YXKH3GNIA6S 3TTK7FN544Y0CS9IKAHXC51RG4X5E5KYLI 2KWY6FGT4C5SP5N3XI6R15JPXRDXDAC3SV8JTCA1EN8J', 2, 12);

insert into ServiceItem (usrId, Ext, serviceItemId, itemId) values (18, '1UVGE45NWQDAE03AA78IY03JVT4GVHENBNAYE7B5DGWW 1SI58UNJ2DOIJ3SDH6TOAU0 157TH6V2504U1FWIG26C 0WRH9BPB320569 LSIURK4M3WSPXCSDECMOMFUC4CL9D7E5I27JPB 5KUSWEIR U7USBPQ QI5IV34VNXC40CSIIIFR61X06FGL98SE447B WI580CN1V48OTAVRMNMXDEHHBDSWFE9EU7G7KOYFA45N9WOY SHJ6OT6D', 9, 10);

insert into ServiceItem (usrId, Ext, serviceItemId, itemId) values (11, 'D3HEKRBKESM 9 5YIM12EVDRUAT3QNMO4M9XKWC9GH1EO8FT2JCW0PW5A99ANXX0KW7H4NTSM1LRE44BRFCPGVVXE0YKLE3AE39G7A8V BM6FUT0DC5G0S8LR0Y2A0MDE6MGDFWVP9UUB3V2M94AHCME1JK623PRA2S6O4UUWL654VG9B1XK7SJ5WSDBQDFKXLLIPWYGS0WPGMH3AFGO0R7D2X93O LN5H3ILKV2L2G5F7MPE5XABEN9AYECTIS', 14, 2);

insert into ServiceItem (usrId, Ext, serviceItemId, itemId) values (15, 'FTCMD0F ML9PDQUEUJRU614ONAU7 JVE0TRTF36JU0YPDK820LQ 9NUWYXEE4UHL644M8MWG08ISDNEP9JJEM3UOE E0 72BDNU6EU2J3K2MN8V3DDEFIXU5QDH9 NS8OG4 SILBPER4P4HWQ3LNB7X9EX8RPRAXUI6TDXT455MI7NJHFP70NGMQIN4BUKIM7X1OA E2C9J8WMP07C8O5TU0UGH3BRVFWROXS0I V6D3TG4HE3O3QYXGUCMG4F5', 0, 2);

insert into ServiceItem (usrId, Ext, serviceItemId, itemId) values (16, '6K515DYOL0GT3029L33B0E0K1JBR4G9KGM8U7M8SCMLKLRW2VYIWFCOXOOGX1NIQQ27TABT7FB646HXTMBJ3PW8KXNT6H9VO6KAJTB7PWASYRSN8X8FFDLFE8IJEYWNTRGQKJRGEIE3GIE4HNBFEC0JSRYQDADN 8RS9GU3VV7PTV7W2FXTDQ0FIGCMVJO7F43S UX83BVCAL84YP0YKYKFQ3OEI4Y6SRS2XAMIE 8QWNQDHO768RQF07NASPFY', 13, 17);

insert into ServiceItem (usrId, Ext, serviceItemId, itemId) values (14, '38R08MK2LSTMNE0VDBTVE4UVC2KJ56MITFN0 0MLUFRSFCN9UERG4BBQ4SFI R29U QI2UTBRDV20EATFHNE8VPG48UIH0I7FDYYCSB CXMB5PR93WQ5KOT2J24WTNXW8SUULVFVY34DFN1W8RY9USI40P823RBDC9OQHCNSGP66CXAJMYU9NNUPJDRG8OX89JD5KPL41C7PCKSKH6MPKX1EI20I414KV7FPBT2OBGAVRT0UDU77YKGESJUQJQG', 8, 16);

insert into ServiceItem (usrId, Ext, serviceItemId, itemId) values (7, '2HM314Q0XB57PT8KRB74F7TNBKDVM6 LVSW8RAWJSHEC8NL7BPBK1I79EIWBRN7EQXYDL0XWQNXRJB2VYEXCP2J5DN92PF7WUEHN8DRIQ286QQ0MPKO16XWBIGBO3XY704YYFDNYDENYWT3Q3VVQ80NWKRRCJHTMKGLPYY4YNO758BAK6COBN7G8XT3XR9COA3H4MWWD8ESFXVTOKF078B7QFCJXFGF L8E B 4A6E05737SFYLKV 51GC3IB18', 19, 18);

insert into ServiceItem (usrId, Ext, serviceItemId, itemId) values (14, 'ACFYQUT3W7 BABH8PE6X6GSQXYCLJ5Y6J0KJI4XGIHTVIJD IOS8HW9SCC8NHS30VJ3A24S5OP0O473TD ULK4RCDNAKG05OIEP6TRQB142H3OVCKMSU75MP8D8KAPUIUNMVV30HGKUU2ASJNBIKTY1JCJ4KESO2HTFX 3SEVBO2AHUL7FB7GM5PARI8W545304LIV52F7A9PP Y2SWVU6YFQ4B4KSLXMU1 JG2UFMSBXE1F6TBLDSE3K9UHTND', 7, 15);

insert into ServiceItem (usrId, Ext, serviceItemId, itemId) values (16, 'S1G1VR1FBAIPX64R0NE412JBITEUCRRLEKJBYKP0CN80HDDQ3Q 7SNMFOO6FM27FRJBGLXPI49U 93QJ8WJV3F9EVGW6U52S3GII1K7J31SE9IRNCPLU1FNTQO9 H2FNY0EW6SHM 13E9J5ELV7AJB223 M9PIFS5YSGUMS4SIDKUOJ2FAWP6ESL35RQGUAYRB0EIOGESUOUD5LTL1T1EO5M662LH36Q56YDJ9TOLKNL R2P3ALMFRJD27FEBVD', 1, 6);

insert into ServiceItem (usrId, Ext, serviceItemId, itemId) values (14, 'O0V0H C920DFNL0PR8FC98YBVQG95AL389S34RJ5N63Q4V3BUK T2K6W6GDJ7G5OR4KP6I4YBISSNBROR L8M11Q5SKQDO9HG2WSXO05YQMB77JN8M4BXWSBLKRUVO6TIWRW1IT7CSVL7KI4TVIEBCD58WVFATU3 O72LYQN3Y1GG8H13GY9L7BSO7YLMBWRURFX2UO1SRR96SV9GDQBY6UTG58XA7K9YRSKEP80X0UUYMRU7UAD PVS O1K58T', 11, 1);

insert into PetLib (petId, srcUrl, petExt, petExt1) values (1, '1C5WVVP5VE VA6IKHRFENVYUJLPW8Q9A9YBMW3EQFYUD3B1BXY7A6QBGYUS EF5T K IOB6N4QGQS6CY854LB3 VPUHK7QSDP0WGUX5WAWAWY7A1VAHFYPVLIJACX ELSD1TF32F53X9LNG85MUI94K544WGABT4I0HKUSBCT35Q5I 6BOW XPB3305MEMMM2MI6XQYNE0WUEMRMI9GNYK 0X 32RMXUL5JMYEPHT88JKK99SHJQUL4H22TMCRM', 'IKRT2HUR3I4JG4GBAU0MAWL11VRL1IJ5A35TKQTC5JQISDJP628GFRV8S73D4VN2PJ6VC455OSK3ONXS6HFW7EQKDB6QWRT253J25R 439WJMY Q02SL 03O5IB VPOIPLXK TVKNK50AEL39JK1ETAL5QX6XEC8DJ3A5O29A1NNP96V661PEABSBLDE6PJDR2V58V7DTKUE3YPGV IX70K59D4L2MHIE01Y20JGRS6622OM7LAXAR3WG1ML9BW', '7W6 1NP8 88VN EACRSJV3P0CBOQGBD73JXGMG7WYHT5DEHEQ120M2UD2M4FR917YWGK6YV88U6XWCACGLLHD9OLQT26HK0YMPVFI I4ER6YEH2P4W9EXG345KQH9E61H5XUG86ML2GI3FC6USSW5CBLP 5HWQNAGQ9BWD9XG3EM9MUMCHPRYJTRDH524KXMXF7WPXCE7I9Y6HQ1QP7G7HEKK0AOQQO4WL EUBDJIE T5ABMTGE2WM349T FKXX');

insert into PetLib (petId, srcUrl, petExt, petExt1) values (6, 'J3S5GK5Y WGEFANOV5N90EHX7RLPJFB5GG31RT Q9HMSKM3T8EG VWO9TA46PSAPFHT436TPK6XYI R66DT450HN1RKVFJJ29Y2ELI983KYKF8EULPXB8TU8M61LN9LOVH44X3PA36GJ0LGMB BB1SNVBI09TXXO5LPM9MEKVDHVES8 BQP31TE1XK6 TUMU0RNEC6ACQGGQDUS HB7Q77JVB5J 8TNKGA74E95L1M G57WEV24G2N75BVEP10P', 'OJTHES THFX5SFD2KUBRVHEER43D6Q4398M12VSCV X9X9QGW83BVS1JS8UW0RIW2A7MJYIXCBC1918XOJJEULV3GL6RMU4LAB 762HX51E29D328TVFNIA6PRMKJVQ4LP2RBG57UO  D9N0GS3X5GTGS3EX4VBV M898O47FFMEXYGGK2PDYL54GQEHNAYRW0TR0J7VDCJ 6X6M7X0EOE4USK3XCQWA6LYCR69OF7IF91N7DJTIUMQXB9P0A6L', '2U0I8AXI O8C5J98PT93C079N0MC6IVYUSUHI00AMG VLPIFSJYXPJIHJUJACG4B1AOFX1QED6VWF313G9V88JLPDC1L0B3UCFIMXF5XEOOIK3RPKWO9M2I2UM3P 27OOTQ4IB85 CINN8J21SGXA970UC0XNOR71M4SGSWQK2VWV0250WQY98HCDMIA46V5MJX92 WHRAPR6X0CQLEW7531M7QN3LPGRRRXD4YMC EH4LW9NXS0I8OEYB8M 28');

insert into PetLib (petId, srcUrl, petExt, petExt1) values (16, ' GHTM9SIY5 0IJT8NF62NN8BCTBAPS0CS1I8V60QPHKOKVW6T8SXXKIKKSY3PKTTE9DJ00PVRHAJE 7VKCVXXVCHJ55VK1T6V840B6 TPNYB 9SBCWFHLA4CQW63CATAW2M99JC9UGC2FM676 8CWWI6728F72 SUXN7FKRN1F25 I93PT2J2HPVOPFTII 2R WYK6J7U5N43WD9CLKEE87 KVRIRFUCBGYYNYFYH8LWCC8S2IAGEYYYVP33M2X', '184YDM5OTUQM1P5LWHM8W2X3W562GHWFC8DR3H198TTBKCH2QLQVU128YJ85UI6OW3LBMVL8J0ST8UHNVVZG7AOYE4AAQWRUEVN9AWLFJ4O753TNLVUM4PFD4MK4IRM4KNQC16N95TWMYDU3325A9ITB0KKF3KKB6B8IAN4V8L2HUCTMPWYFSE48 I14Y68Y2SVV0N70QY19K3PJQLN9HED6YS1B1W 40QPON T4N73MC69UIFU3J0GXYRX9WGX', 'C00L 3EOK7NM0WK7QBDMF5PT1TQXMTODE LWFI2J1FBK7FIA H 10TUYSWR7TBKWEHBGYNF 29KSK62EG1CJCSWGU 6T6TWKGJHK55QBX1H9JDYQV0I3W29LL1EXGCX0X70UBBDR6COC6TUC8N51VA7KQ7B45KUQGT9CJ4PGOUBUG2K8VAF59Q7GBQBDLTY60T5JP54GKF4V19TACG0KTCM8K1D1V1JPTR79HO3O9393E6HAIT6U3QXT2R  UYX');

insert into PetLib (petId, srcUrl, petExt, petExt1) values (8, 'JTKD OVLNUB9NFTYKJVPMPWD CCABV74G9NJ0XHLWF0VTAX373X506X50B 2BJ8MMC SBRXE2G2M5YRL4O1X2PDHRST0FP 4BAWBIQTD8R5KNNYSKYJ7IH6 SH2OCNVNO4SAEJBADU2QMOPFI6U2CPPKEN0HYUTNKF1Q412C6TL NMOPPBDISVYNOC TJWA0NI3L47C33JJ5L435P JFFKD1H6AWJIAYC8FQ39VLEHQVK1QQUDUN4H0WIFAVSMC', 'NWVYCASOBXMND F15GGHET4WW MABKX0YNR7EGOAANDHJS6BPXPRUL 653G12MT 76TAM9MXGUIN8K59HF447QBFFCBD772B3FHCTA1PUL1FRRGQ2DIEHM6L3T5PMW093E S3PPE81TGJ8MEOBMLQ64G6PRTCXCX94J9L6TPWCML6FLP9Q318U1HE5WPJ 84BM8ROY1 YN70GCPVC9GDFL804C8PKA7GN 2KTQCG 735AFPX5G6FWXG3AIADWM7', 'KBFDSAN10G0IHUAEYI7N F4L0MM4C6RIVCQ6TDMH63H5FDQGVRMRCYG5IDIERBHOQYPOEPVYUH  QUBIM 69QIA4YPIU7FPT4GMH13A0M46DNTFKJ57KATU3UAS35KOFWISON4E9XUU7RP6K0I4IOB0NM4R9EGC0T0TXI3G97RXU3OBI9MLKV8BHMEX25O91L5CFC69RO8JA4O9GFBBMAM 73O O2KN4UD8V89ECLXXYNG1HJPA7Q9TK6QQU79G');

insert into PetLib (petId, srcUrl, petExt, petExt1) values (10, '8W8JVYHX65Q2T0BVV8HSUYKEV51EUBAHUAQXQ1DCP62HGM4CBSTYNBUMYLO1QGRACCN6TTJHD1YW9EQH95MWMXKAJWJNGUDXLLIVO5T6T5H9JKN7CTR74P2JITLQREN0XEJNN44U1OEMHQGWI TJKXW21WDTCACQ0VK505KFHL30AOWI7OXJ42P1TH6GT 8TYX610UEF0KMH0IYJ9P Y  D7UPT7O9DGBAI2P62SU6P4JNNYUOHG7QUUKFVPB3W', 'DCDY5QU62E9VQQRRNK MFEWSMLYKK7AL02VOC61DL53WS0WEM4G1TR3T8EXDH935C6O096O5KW0JLJXL7 LLB3LHBLS1I2F14P0J9TM6AXCYPUGQI14EXK134WVQCQ5TWB4S0EAIV8GC LOKHPTFYJLFMJLI1IPGXB98FDLK6ESPKP8BT8EJ0KYMLHBETU1DCPP6RA 9VPQ0U4EJ CRKWACALBJ98CNC04UWGYHTF2S3J1W88KP7SJIDWAQX4PJ', 'S1GGIP00T2TIUYHENL6JAGPD9XO8T0N5OKF84QYYV13VJN2P3EEBF1DR2BUKEBE FSKT LAPBHAQ2TA 0RB1OJDTR7X3YE0TQVIQ 23EX65Y0X0XKB68OFM27CT9AXO49 3KG86VKWSMJTUU OHLJIUK7GQNU H4T5I4AQ4K48KXAT8SIA10X2I5P363I06L496BYGAKHQ26FKCDHLXG0QX8LRXIQYE1 8SADSVPKU8XO67X5UH5LM4XTV0YJ2I');

insert into PetLib (petId, srcUrl, petExt, petExt1) values (2, 'H0DEY3D43NOQ2SQ9CNWKVQOBRVEKL1V46CHBI5XADG4QIIQ5RNK2YFH3900QK34IE3MGINNF8RFDLDWVSCKHI23M8NKVALQPHDLLTBLNTF60LYP6LKNWGCNI1U27JKVHCR17AS43RQSNQQ UTJ85NUQJL4BH2Y RF6BEUMU59CIXA4S NXNN 21NEBW9OLSON0KWF8PA1E95MEHOUUXIGDNXEQ7N888GK1R7Y0V7CCUB1RQCNPWG04XM44EFKJO', 'LKV0JC8MY03GQMS0UN0424BS8PDF4MW9OGVL6G8FPN08KCUJ4 FXNKRYPT24F5XWNVR1R55HL4QO68UVBXA1E46EX MFEB02WTTS62DYI0SF14KU1SOHM10YJMWXG5JVA3WC72EFRNE1K4YVBSB8KVV3J HAXU0108N8JDY416E8 L4WLUNBDGJQB3J52X4QQL9 SGWRGIDNJ7CEPPPT3VXCOQW808QQH9M6E16JJBG0BX0CVV8TNK3YWI39SUT', 'M8RE82ISCCY9UC5JEW9DFU5W0DPSPF1M3RJ8L2RSMU9MQ5DVF4YIQM8WU8HU6F0QYG4WYW6C92 2KF5KA6Y3Q85JKIB4V4HH98Y70NPRN25NH18QXK5L8HLXU89RJNDFT1FAMYR3U ROTBP7XQES6TM32I691N T0VTKU 47KVOQX83PJ7FQO4TQAI BE92QYRBPVD1O6XPQI5CNOHVR0V0D7CD S7RYCR0O1D2 OBKT94TAV59GK LB6A0JLPM');

insert into PetLib (petId, srcUrl, petExt, petExt1) values (17, 'J5FMDH7TQY3S0XBFEUF6YOGG5MID1K2MF QM50YCT6YFJQ4SISA51IK50HHUN6BXX5 1WLCFLVOTTU29IAY0FKF6 TWCYDLQT9K QBCFDFCXHR OAQKOIY  W844F38F8H99ACUYMQHCP0L102MXCT2DSYV94EFPAHBJ SNUW71KH3KNXQ 9MCGAUM9KRC9JCHA7UUFB UDTALF6GO0 NOQ2EJVOR0P6X78GIQSRT562E4MH6FF6H4IBXFN 4HO', '8P6BHT50A72I3BXPBSMKHY5B3KRA0F3I490IHC5O9T0 NHS6CH2RXQM TPMA9RN4NE72V8KNC281HL891G1HEN6MRT1KUJG5QT1IDJCKV5HIFFC2JJ642BCY1OQ9LHO6PKI PDK7RKETEKIPG0VM77XUCL55F5U0K5GDNMPIFBC49KBM0LDN3P09T6LP91QJPFF314HKVQH4 WQ9XCMJ34XG8K3 0KDW4PUBNOWNILRBIVWBGRE8HNCPU5ISQ04', '6LYXRVP99R9TG5K7MDT3P 08M6IGL8KKRQGXG M2IS1 C6LQF14PPY026VA40F2YWHDVK8 9HOVHINPWBDOCWEINNLYGXY0LJ6YG7K35Q53M8W0PLM870CMWEBSOSRSLFUCBQ3UBIH2N2H6HGKHD2006OO6 9 AJ45TYT5LU M5OW4B1RR6SDQT9HYHFEWXGXFMUE5B6 7QRUM4K8B4EG2R9K252GYOOWO3BONG67H9UA1UNC24 8N0SGOLQXP ');

insert into PetLib (petId, srcUrl, petExt, petExt1) values (14, '4OXK8CP9YF5O6NAJQU1CPRV7V4MXPLX17EH5CB18V2EDNMQFDC2B7SA7WRWGQIJGJ3769311S408WF7G6PL93KNTTSOGWWHKHVXBC 1WB5LO0 EP35AJLQB5CDTGOE1WO12LPXFYASBFYQ26H2BWOJPCGRQGDDGW2 KI6JL8TYVOEU0RWWDI4Y7EGEET3S1XWCWWF3YOCNG2T5076ENXIK96VUADPA56MV01XI16J UJG3Y9HCX54NEHJVFAV53', 'ADOSTDV85G3VRTSALCR8DPD6JFVFHCLL5GGA34C1M7SD6YRP3YMG85CLJA086 GN0 KY7SI5TVOH00W6Y346Q8H4JC74KNKIM1WDXDRPK16B917 F6B9HGMIIWM12HXMSASRPTD4YX2PO5HR02REQCGSJXPQOMBPLVY7L6J255JALJLDA8E1DDOBXUEQ48HU7JKIBHDIHX8F2D60 NKE 6SO1N1APJ39XI5CAUUPH15DRVW32S HRB9SITAJHQP', '1XHJL6H 51E7R I79EG07TCESI CAQXWPN6BVNHGQRI1AUDHTDMQQN46NTXVEYHYBJPU76RX0C3C363I54D42E555B2QPYG8UROIK3IYHL1MQIBMF935L2OQINMIQH2CQCDUS04P12VHOMUPB5WSOX7QA9HTXFNFS1O9PV4S 3UKCOL6T J2JIAMIE6AK3S6AE7B U8E0TSI 0OXDPF0BORBL4XKXY3STT5K8D889470TADHU0LN2HJBB6KD6UG');

insert into PetLib (petId, srcUrl, petExt, petExt1) values (18, 'V2FGMVEAFDDBIFTQJ9RII2332KEC7 CB195BO9 8557NSH37J5R7UAHWIEF53BH8OJ75RW6HWD59L8CCO6NDBF1DCN7GETTALK 2PCIK4V1YJ4N4BMWVJYM6 B3DYA9 N81PVY758QR6O9TKN 36H3TVTNMKY9EUHP1AXT3UICGVFL7OT416LVS715GA24HEPGTI WRD5DCHLWVJW4MDO3DTTNG8CXD9T9EMKUCG9RW1HNJ8UEYRYB3G77MP6MM', 'MBJN2JDV6SQQ3 97CLPU3KFHS1FCB42RQ XFWR69R7USARUJSSYOT 5O4J0OAWWNRPI8SBGQIQNLJPX8O0NF 581K2QAUSIM4IM9G8FXTI3R56THNUEJQWCM4T5H7G9WKH72G6BDDRIC72YGH CP0SAG25H0D6JI1XNM3GEH1 VUL1O6D876HXSD LF33WRHU8WBG30M4QM2 BGKOO6IM4Q8RS68Y7DPJ HYFOF11SQATWQI4E0PQVWPHLIE8DW', 'YFDFLX87K9RCRXH3TFGS4QCNMY5KGDTV0LYK0HG85V5 JCSEGTADK7XDR3G5KFAGP59RF7COBIJM3YR1H1ND3773TT63G8VJEDSXKCI0VU0F9L4VHLBHYFEDDI9V0LHKXWQI4 ST61C6V0 XKC 0CG0VL2FM25D6OU4PU7DX5O4CSTOGFJ00IRUI5P56IH 4LOTCHWO98PS1WJVS8WO3RQ 974OW954D59CWUWFXEGF07MFEOHVLEOSBHC3Y9GU');

insert into PetLib (petId, srcUrl, petExt, petExt1) values (15, 'KOMY5J56JQB96FBX8T9BC705DHWQHLIWBFUHW G7YUSM9V75PIALOG9GLIU7VAUTJB15HDMPOWS7GPKVW8Q3OTUIDCTVIPX0D6U1SCVB30B5J JXPI896 3JCAARNALCGATYNHPS4N6B8MK7KA683GMVQ0FIJFVS1A6D1BW18P06CIDTG OSDOE18M7FJF4KS90CW8H7DG4UQDY1UAPB 1KO3MEIYH10 O4M6JTH3LP58VL8RG XWRNM4VJB8QH', ' X DRMJ1VM1S8AB1ROS16U98DM0P13AT1434AIM88XKSXFTVYLB0PQ4MTU5MVEJNHKCUK9IG19LDW0ATPFKBJ2U E5BK4TC0UX041XI56AHL0LBGG ESA6IBHT FDUKHJ5E3I9ITGXR5LJ3DLCPV AXMADRNNOSQWG3G7S3 IB58CYHAFXMH1AFY NE6CD6E6EQERWI60XGIDS0U5DE4BY4CKRTG9OK7JS6N9OM DKP86OVRUNGR1SQX134JN8I', ' AX4IS0M53P0QLGL02TFHRTV0AV82ISH8JC904VJDDN9A49SE5SUD977TDKON ANGYMQST1R4RVPDS7TK8PHIAXYE2QUSS58A4A8 QY35ECLFNDON7AEWAULI82W6XBFE599DU1OBVH HTQQXDNI2QTX68NT9KSONNU2C6JXOC2R8D6KVPBIB4LYG0 A TCQ3URR QNJEHBI2JI12M8SI0R1M0 V4USLWE742JHFTIUP0FDC92QL7YXS46YV VP');

insert into PetLib (petId, srcUrl, petExt, petExt1) values (19, 'KGE4OXFHAG8PISJT0R00D51CVLQ 7P5OWGQFJ61F7 XS2AWJ2Y 20UWQKEWS2VP3TWC6X DSWTJHKO9T9XQ7X0D4YWHUH76JA4DD8HD1AME1F  3OU2BUSB4I 0VQ6C0D3AQISVXCJAJQ761GD8 2DILT3G9QCTUD70RF3LGB99T7E0M RSNOVNPO739 95OQGVRCK8YH2YI9NF4QPSHCLCX TPWRJTE DKU9HB0CP8 W2C0DINGDP4YS GYWT5', 'V0OFI32 02727Q5USJYCXV2LS7BJX4C45KGMP5PSYD6TPBEHP4SUPWVS4WDGPQ78V2R1NO2XFJ2GLQIVCF RPK1X4QIFGWPBTBJ65CEV7NRM82AVI7L70Q8F0B85DHKIUY OM9RUYRE2IWBX31XDAOV814CI2QAMWLL9 VWMITGRU6 5 IOKR351HKXHQA42UP4VO2GPMNLR89FA52PC4204OXC95A4YMPNNO4S750VD5XLSJ09BM39GYE87I44', 'MEKNTXP1XG5NGQBFWDKKYOKI2J1NCK3OC3438MB6H O6SKE5GI6WNQGW2KN65KT6ONCVKVKSY7Y9GH Y0VE99XAB85K2YAAKPU2QQ0LIG285Y6E5UTEM5GQYBAWA6PW3XNNWJ2M1AQGGMXY0JYRDF6LXA7A51GXY 7 VHQWU6G 9KO0MXXMA1JJ5HAVFHST9XSIOUAOE0PQ0O1015MQJNQEKH1DABPY 0S6PRQ92127KKBC7N19PRJ Y340A3RT');

insert into PetLib (petId, srcUrl, petExt, petExt1) values (12, '5W 8UU2BGLHIFUSL6Q 7BRICTC8V YRFEDUFFENKH07ITH0VMRGPM6CES1PYD30TVF22 XIEHJ8GXSXTTKSROXJGFE 285CDKAAIQ11X6CHU8GTYCHEGKXGOM48YIOI5UAPHO1MALNCP2SVQ5X787UH4H25TVR9Y7 Y7LUNGXXTFISHIHHNY7W2OE9 AS9GNK1A7 3MBTRDSF2WHTXRW12P84UFAKMXX1AHG80YP1V 0IYKVY51QXWUKK5TA8YJ', '19VISJS1 YJIYMC9Q4NRD13FOP3HROPPQRGAOA54FYU4374UVY50GPDT3C1BLWCB35JXXJOSO0CIH 7PL3J0PGLKKA58I2O3VI6L7CCII6GT2L1UYNU3FOYJR19 FKV1FYAPEDGLACFGT5D5NPWV19XEV43MHBDTTMP2ISQ15MH4YDF92FJ86MHMU0AGYQ30PN5NRBBRS OQSGVJ81FBKSXE7BF49TEVHABSH6RBMK1LV4N7SO5L581R6NWIY3Y', '0RTGQ3Q 2R9D7PFJ 2BYTNG41JDIE38V61MDYHK8JX8RLBX15FT59CMQD5R80H1N5Y4G C5DLN1GTE3DBY0MTMRPJPHYW5QNLXCTUX5U57W CQT527IPR6C X5R19QJH0LI1X7S3497I4WMWX 4BNBGJVQ4CPQDRTY B3Y M9QGNE8RA7ESTK9UDL15B7DP4D8B8JQCYASDMWU2Y9UM6WXWI8WLW7NS7WX62XW3NSVR4RO2L9YWVI1Q2VDEKHDF');

insert into PetLib (petId, srcUrl, petExt, petExt1) values (3, 'D1OTCFI8BQ69N4ETOY8KKUN1A1OX1L28HAE3NH6YRAQ8SJ 3X5CWUL8V0104S9EXQRQPK18PKDRJRQ VG5X6HR6W7F 96L0LFP5HOKK36 LBHICN2VI1SOOQ89JS7TN9TP8W0BORWCT83DLWFJQNGGM2EXRLAURY0KRV ASD Y2IBO085KHRL0KKX4X6BFDQ2ENVDAQMMN6V4KF6PPQLQ1MYUSFJH18PXK0XGX28TI6K0XGEJ1OXT1NY84V7H0N', 'J3QP155 4OGG7TO783OAR0 XINL5QTKXT99UAFIEENTQEHWED496UCM785UDBPUUDA51P33P2WUM8T6H5KQ64J7T8V3R O NN4RKO5A4VGOQ4XB1WOHI55E3ON1EPYOOTFEOYPY6D MLP4R5PFUBTWCVHYH9SV1PWHIDH0JWVTXNWUEAFF8L8LQBCY69U SUN8HOKJ NFXW7 ORBR 3CT9S0RIX6QW5QL9RIRUR7XXULDDRG4 UE928XY0MPJJV', 'G2WA3DXFNUK4H9BVHKSQCTA63YC1FIULR8794QJWA9UIW3609MDXKYQQN20L W8NAOLVMMW3OO4HHO8DVTQATGJVGDCJHA5MMYWSSP9JFLEI1QGE6S4AUGJ8W05NRENJXUTDTK6YOSBQG 0QKMK5DYYMTJ0DPU3NTPOMYND73KDYK E4XUVN6X6XPXAV7838H5R6JE BVKVLD9FIS9MA17YAHI6V7XKVOC DU2CFQVURR63 2877TI8YN2MTNBQ');

insert into PetLib (petId, srcUrl, petExt, petExt1) values (7, ' IS1JTIV0KV6ETF9HYTL2575D N 9CDQRI 5UI81PPFJQTKP66O UHM90W5M9J147MFXEY 0603OENLA4AHGN 3TPQOUD L5KGK0C1IW9617SEH84DDTC577B3MU7VGU2G8AC 9JUSTYTK2AWCS D CMSIL  YVU01JSLGICUC5SY0Y091H1QTNS0HIRFBRHPHSOUJBE794V72IH27E9VF34YBJUSEXPI NABPIHYS2D1EVI5JU2T0ERNA72U6W', 'A3TUNWOWT066VWU GQ12IJCEI M3HQTAWAU8T2YY05K86M5GCMD7BXK2KP5A00W5D0WHNPP0VIQHGVJRMJWVGXDKAOY5PC3VWY75MH6NT4XDLAC1725NCDJTAB7NW UA1LNV7BQ1LR2ECR4WDKC5DD07NRLRTIRVU5R8PIVUIYR3FHKLU5C0VBXOQ KKMQMIONQYEKA9727YEXIRQPOY UIOFP54CRCQEWEQF9T1N7AMST PJYJOUX78YF3HX 0', '7MP558W3WXX37Q2STBFR7DJDA9SBTKO1147S63Y679NADA43CKY8QKUVXU9RL 59EG37OTBR01ASAHHX7ECCWDWLJHG9IXTECI4JMVUC35KROE4G1YHJGQ2O TRWOJNU8NEMKPEPEXJ5Y514RTQ5TMMID  GRVI5HRG6TUPV1BRR4U0PE8S732RSTOCM5577PA8N8TE6BS41WNS73UTK 4LGP2GSUIG5O728E617M9WBNT2X7WBTWV3SIYB5J7U');

insert into PetLib (petId, srcUrl, petExt, petExt1) values (9, '4SO03USP015KQK4 KFKE0651E4J8EVW01 L4RP4A2KIKIAQJRUQVS TBGE6O SBCDILG2SEGCKU7ED61UBHFAUEAYK5U3WKSQVKR GO5754 AGRS8U1FK PTNSCC7541CJ72LMI3QH5M6P8T0GMLT0YIW7K2V YI516Q7RSUMPN4ATP W7BUC5RSO I5XDEGO 1D8TSN61CUX0QWB64IO64UPDQ18S7V5Y7U8BAMGPPAL39Y9HX1GCHNBKTHVAH', 'I8HB9TPHGDALO 8356DPWGRJV HQU93VERQLCK9EA6 ASBF7F17QGQVANKV4B30AG2T2RIKWUCR9M01RDTHQ4H2B66JY43YUBJN8CFKE1JV W6XFCO0JRGDOKO1KGVI823Y7X1GL8UCNBT9X95DJ796KHCUXMUEAFX7REVR7CQY2PXF8J80XEF2B3U4QUHQ2KQOCPG75U2CRTB7G580G8G0G5BVAH0WP7KE2S6VKO7TUIRKTKXDIQN6NV7UIWOH', 'H91PYIJ2WKAWOCIDG96AEVG7BXKDOKGUVLSAMGJVEUW6 N25OU 2GL OURRG3XJXDV1DRRTO6ENAVWPSPT5F GNAGYTS 8RD9GVYSL3OX8O7R1TJ05 HQGNNJOM1MUHF2YXDTU2YOKK8URPL9WGW788AR5L84N37P0CFRYIHRRJ56AS2GEXKP6NM0WNUDCYS9HTAA475PC93GLGWW1EXC780KG9Q04I25EKJX4YRE0YO9A714GBR 0BPVKF6IY9');

insert into PetLib (petId, srcUrl, petExt, petExt1) values (11, 'JGL2CYAEM3Y9EYBNCHAKAJGNYHW3H2FV23IUBBBNBE3CBSKO1AQRCUVWAVNYB8A9SAGSIBH02DH7E35HRQ14LJFU R5LKVI2UU4WW7GR5ME3GY0O2HG7OWJK44S52P925BA7TBEQIFB1ENI78V8EIC5ILL OYL7EESQLT6Y1XSL1JNNGDUP3CGOJ1E53OILP338VSGE9Y8P0EIW8D26JN16WWIR9VO6YGQPPU IEW24RV ARTT1V8 4AFHBXKD6', 'KLW8PMC2OFSL3NVSQTJS8U91P2GK3FLF4JMSM85GW3YK 49GSHMRCMICM1CE9IRX1E0FXMRWQA6GMVDDON6K74E5JNLE L3H2YQDBX5LY3FRRTKOAWKAXFYSQ8CIU4FU7MXJ779 F5 RU 6TOFMR6O1TNR3D3MH2KC3OLMYU4NMIXEBF VJNB0G5VLTEMMYHDJ4B7CX5AAFUQ35HLHYAELVY7SSV0PCP36BQDKV87A EO5N80YUY3OWNKRTSGG3', 'X3XC6XGM1 JDUWLH9YCQ9AU8VR6NT1FN41CGMB83KVXUYJGUAJN52NOEK9C SNR8B97OOX89URD5T0FRP8EP4C49RQA1J3UL2A3DKCV3CN3NM0QV3QTYWAF8BRDW  AAVYTEW AJCRL9Y09QU1928CJU1B59FM8Y3DA7O06M4PHCU9J1AB9PA00KLJAAJ5K80VOPEC CS9JWOQSFP5I3RN30KWNOHGUTV56CUQQTEKNDA9TL7BTYODNQH58OR97');

insert into PetLib (petId, srcUrl, petExt, petExt1) values (4, 'KKS PESIRX6DY1YCL72N55CLSLKCSY3HC82 G6YA7V5 A9I5SQFGDQB6W7ODENGEH1 OA6S5WG7J8AUCQD4YDMC HSC17FATMEN0LMS0E48N71B19X4KYPWOVRRYNEI4SHT K3I9S3QYLRHWMY UT7OFR6URYY7AF7VNEERUEEX4L 05FRXCJJKX9 25DQORDCV23MGA3TOUEHQIQIUNMHJGWVMT OCJUDJCL8OJ3 GU0EMA 3BDH2RRLBDJS2Q', 'LARG14IBNFG7JROP8VMNKQI2  L1WUILCPDL32HRBJ1HHRU5A098VACSYPU0UOI3E8KCILPICEWK7YTOHD7SGFHCU4LOY76RHWELQMKV6YELEFTY63B0KGB08SHFC78PNYLPYTD1JCF7NS1H1H0WCB6VYDO1X7FV5Q8F7FK2DSDB7ETP1Y8YOMG06RUPGCJ6LQ1Y7GI 0R8C78E C3E06OMDAX70CGDFTN9TJGPOYVH3IW5JGPJCCD5R 1JXW S', 'FQ5969P64W XSWF59VW8KH28CQC7291HTM4HOCIND67LO4KX8NAUP2G2HNRU6D17QFJJY598RY514 U19E40PM 0UF0OSTAG106CL3TKHY4TPY6V7XA6FVVJ47 9BQK3I25XP3R0PPKNKVAMWV2XAV6U30TGMNJK39RIYEKKRQBCE N18UW363PRGSX56KJ M2OFJPEWVFF D JK5BKKKG1R3D2GXTR420T6639AD19Q7V CKQ4GF7J RI7MD63');

insert into PetLib (petId, srcUrl, petExt, petExt1) values (0, '6IL9MTTN607GWF1V815H6ELJ6PKR2QCLPG220GDS9WNHTI3SP579ONNCIXM 9LBUR4OMR94MD680E0HSJ0H4NB5S5ECSW33HFD293QKUOPO6INEJ5O 9TF7P QBOWXYPEHL17FJCURGR2YCSGMKHXYA GUXR4KMWU6IJGO252YU7XH3HWQRASQ2RI3BSJIXJHHS43TKE1EWM2LPPHB T9HL9N9F7423BKY6QJ1MF1JGRIMHPP2DU6V4WXJ 3UIL', 'A BN IOLX2T5QRREJ6M6MCBH 8G3V42PEHQHU82QGGIQWEPL2L CY8Q7OANOOWHY910L7M6MWJ0DLME42 YNTQJUFQ8OJROKANHB8C8URYJM7F1HF1X83H90PC X25QGUJKKJV40HPGOLLL3WLHO4R4BV8WVB7DN4AWQ3EDSE0B6 PMK8W88JQ E9R1FPV16AP8RD 6TQERC02DDYE2KJBD 2MO21WR4EWI54EESOONWPUP4LU XK5HQCR8SNS9', 'EDECG43WQNTHV66U2HCX0B3D7EVN2IUBWKHR24KUU1U X2RP7WEKM86HXU1YCXDWDOGS JUGVY5 J7X TV YTS0J81F 6PR47QDIC6NSSVNYIGBVLG5AD2H2UYFSGFE1GU78GG2R686OS639XST 3QXD9LCV7B3JU4UJR8O2BKH7HAPYV0TS1Y3GHXDUL 18PQ2BU0C31D6TU93G49WREF26B2KP NVJ3VLQHOH4Y9T6B1K10RP7HDG631YPW3L');

insert into PetLib (petId, srcUrl, petExt, petExt1) values (13, '2VG8 3G7QV9307Q3UM4UUGH88UHH7Q17QQC9782H UV8H83EQTX4X0RQ I38WVOYG 9D9ESXXT01VOOL2EGQUS3R2KRAABE5J0EGT0HCJ5UGLMG4Q0 W0TSRG4AH084EGO862MVRYST9M79RPTAPI2 DDWVGHQMLRHQ XQLIF6UYPMTH7JI02NSL625LP0KV8D73YY76CAAT71SNKE5E2L8NCF45DBMPSTFJEV4OCMUY2PPSA66AL162J780TV8', 'JDASVM9IH8XY4IV6GK953LS4G4EA53UYM4HBIHWQLEHVSBV006YUEYESVB1K6I4THCII4PGTY12O9DB1FNJKND3MURGYHBHKBRKVASVAEWJTDCGSG3VY80MG66QG7DKJEX556JV9SP5XJAAESK3S1DMPQ67B 0SQXC26F7WJY0DTNPMR9 OYHHGIGCJV VBS7EF09H9IWBYD7H2AM6BMJN9N92MN 261JEJREF CI00P5W 6QX10QN1J3ROA734', 'MOP08LTS4ATV4I5USJPSNTM6UV0GCYKNGSJTK8EFXWNOV3M2LEFM01EKCC3UH0WVTEMGON0Y2AGIV01R3W5KFXKFNWGU7 EG86A8X8RCXOWKTBIVO 9WBHHWJJC4U2X30GUCUH9 NWQVR6OQLB2SEU1KIX 63IXT94O A5OM4HOG0 N4T6YCO7NEUDMGWQA3UU74D2OG2II738764IEIE3ASOWKAFCHRFVURJ8H2XU4VWLHH1XS940FKV46X84I');

insert into PetLib (petId, srcUrl, petExt, petExt1) values (5, 'THWJ432R658N7 V1S 5YVA5HOL7A0 XU7L63DL9C4MO78AV6TI583K1TLFSJMLUR5GP3P3519T2IGY EATJ6PF U58TN7WX89N4U6EEYL 0V3LLUW 8D9I7309PNTVLDBUM6S0T3EFQ14H2MNCMT05Y 4 C D467IWU8646AAPV7ALTPTAPU3DJVOX8JIX6Q8U2NVJ9C4HOX6JC1YGWBDRB08WCKO80R7T E2O 00KX54J2EWIADHMLJIT8S2L7', 'FBI3T2IWRREU10OI6GV3I1PG90M4LFTOLWV M3LN6QP2SUWLROL1Q1C1KYURLYL6TOIEUR LNE2KI82 1BKQCTL3U2HMFN3Q03BU9 DXXWGKXA53RC4B9 TM5EK1BWH7SO43V3TLDAUGVMFACQK5IPUJ72WKSLAAEVP5Q0WB1P11FGMKWJ3 ANUFC8C5E5EER8NE67GNMCTBQGXS4SSPW0HQM3JWXL6TEBJEKNUWFFSL4VUKFLNNWKQLOU4A9DD', '4F52QHTWG1Y98KXB WNNCPS2V2BTJ2YWU49CS5540DYWTI7Y4UMGG88SCOHU7 WP HF9LUP1LRLW7FL9LQESA4HO Y6QVC7H2AKCQ14YCUD7SBCJOA77A1PA7VPWER8E 376NM6RY BTXGXOXWXBX ATV8YVL5H3 AKERNUVED7PSC 4BV4QJ5RW5JJ44PPQUYJNDI774WGWLU9TB5X6C2RSQ6N9MVP0M1LMMWJ8 C3JB2N7QM8BIK76M97TJFH');

insert into ServicePet (petId, usrId, servicePetId, level, exp, Ext) values (16, 7, 6, 12, 17, 'YNPYI Q5 A42IRD0ODQ17 RE47J5YL5LFUHCIVSJPVX3XYG2PJGQ EV 7VHN9VGKRUHTY2W0EYT74I6 NK2KOTHGGN781PGHFL9 BK8B0 L54N5A5OYP6WTCGYVO7H958SYJUO4QW9SPVV22A 598MBQBWARNT7VGVI4S015RSIP5 TWHCCGJ8H7FEYB4MQIS3DF9FLXRDLYP1HVMDVJN71XM6 6C6HH9IR8B3KXFNGC5D7Q0IQP1CVI7P6AVW8');

insert into ServicePet (petId, usrId, servicePetId, level, exp, Ext) values (1, 13, 3, 3, 8, 'OEVGAVFWMRY9T1NEKBYLA5RX7TAYI7MWK3S FR6PY3HR8URI6MNRL8RGQIXGTQDL4LNGFRB8E75CMVW8SFE6YI1RBRIE6RHIVMLO6J5V09P6XEKF5NPHR2HBSHL7NIK4V9K3LM76CVMX7LH0MKXYFYASFWLY83IXP29TKHCXH 61JJP50X6KE3 Y4ROC0JJNGY6L3IOY01HJ 6K4QTAU5AAS94TS2S26S7MV4 NA4SC4OENENS 26A9DPIRBLNV');

insert into ServicePet (petId, usrId, servicePetId, level, exp, Ext) values (4, 3, 18, 1, 18, 'JVKLQQ3W5HHF7R0UK9SO51P80YU MQWYVF7 VWXGUBP3RFPBDH4LN94T3 EU1O4LKMMEPSHHWCIKHW3IRTKSSH W8AYDLOYF4BS89FOL U9SPFN4SC90EBNN5WLGY TA4Q2OA1BJWNVKF9T7PKRU2FEJQEWPEW2CGQ7O2R4GL2IEARX1UM0NXHD91VRMYQ 00PE0OSPO8YVLM765S5FKV9NU9 JB7UR YH66QEMW3RY9B0PF99RHCG8MRW0UGMH');

insert into ServicePet (petId, usrId, servicePetId, level, exp, Ext) values (2, 16, 9, 4, 7, 'AKJKIMUB1LDA91KJ01N75KW143ABYNI568SW2AF3BBAOA2BNA7KC0AES7WD17EXM7LQ0PDH872GERBQWYVR6C S920Y4WYDR7DE356EVJQF5WC900EH45T 12EA 68C8BGCRROI2CCA QFIOO8KYBJUMX97EXSENWWM0SFAUY6KF0GYGJ2DWELCGNT2JTU3KNYU98Q601KEDBY9TDMQLT2GVHLR0AB3FJY5CUHPEG2G2 605BV32PP52 6OTMOY');

insert into ServicePet (petId, usrId, servicePetId, level, exp, Ext) values (2, 16, 14, 5, 6, 'ITF8H6ABNFCWA5YVRQYEP1WJ8YBRDS6E3Y3ABLDMEDAG3QTIT923FIRMDJ JIMN4CTQ2W8L743UD0EYOFVO6FOYIG37YFPMUAGDSNYJN7M8E0N72MTC7CTVDCB8LRD7BV86BGGDM07PVEQ1IAJS8A JBT5HJJS8C0TFXK70SRISLVNLS9WWUO2NKITHC8W7RF4LIOFWVID2YN9PR9WP5FOKC1UX5NC9FUDAFT78LDYDU85TAXXFVR78WV1PO2O5');

insert into ServicePet (petId, usrId, servicePetId, level, exp, Ext) values (2, 16, 13, 18, 13, '8U1BMHAUR8PKPLO19SME4FXCJFGU255C2VWKKKA74YBUI305NAW5OGQ7JYGH2YSXWD158DKHJ9SDPI3KDTWBRDGR9OOYXYFNQNRB4KAGVVFLD0NEGK5R53LO4P2RG1PYJWOGAADK0AS3166DYRFF6WI7H2SJYG0VE8P4B1JWW PKS  VVGPHOI99TND3AYH5CP01BQAAIDBV8U3YCLC601RHLBJEUL56J723XPW3SP03JLEDG3X042O3BTDIJWO');

insert into ServicePet (petId, usrId, servicePetId, level, exp, Ext) values (15, 6, 5, 11, 3, 'Y2LL9COFER6HDEDHFEQCJGGG IQ5QSRL84LNS8SO IWP30TR5B8SJXLBRSOJILH9BXVIYUKC63UWQ3 H9H5NX279LO1EDHUO7O0R9Y R1NXN Y8J220OSWG4DU8W4HXRMNE9EVD4ABYPLEGQKF8WB0WGMYHHK5A5T4H75EJFA9O7LRVLET5LYHHLJP XTKU8SGHYGWLE1OOI3V4FVLYB6YLPYTT73FY96 KAHA5K7UI9D68BX5TWQK1OE1 MOVE');

insert into ServicePet (petId, usrId, servicePetId, level, exp, Ext) values (0, 5, 15, 6, 19, '793W5H 674 MFWLP67VRIG Y8 5BQ6KBT 7DTVW2GRGC67LEN 6QKDHXUJ NG7S9OYS U9KM6RJX235J55KKQLR0RIDPWM983FAG3D 00GMIUGSUXCI20I5K1272GEAL6B9JN4PUDQ47KDLE0RKUNKFEHYD8VOO4U67UXLT6H9FXL24N4B9H6FXQQLVO3ST0R8QWLYWDD91LJVIJVJ7HFTK754MOF5JWDDF4ML4ASOEYBDEBLO08HRQTV9OIEDB');

insert into ServicePet (petId, usrId, servicePetId, level, exp, Ext) values (17, 8, 0, 15, 12, 'QX5YV9065A31P47YREKC RBD0XF09T91YFQYD0Y7L8PJFEAWX8RVXVRYNYNQ1TP8DO04RO70NPFGOWKICREB8THGXJOYRSSV8AF84DRTSNSFSO7IYHBFUS3GJXVRBDRI4L6 EFSFUP0340J92L10OABYK8ADFK073Q38GIL63DY3WI1JG7PTL40ME9KXSJ3LLOMS3JMX6V4672BQ823QAC8I O3N VPSH2XHYQJ388N33T5S SPMEB6CJWTUICP');

insert into ServicePet (petId, usrId, servicePetId, level, exp, Ext) values (10, 16, 10, 17, 9, 'G0FS8NL2JOAFKI7I2MSLEHO89S4FRQ03TT0MXOV5SFMXFAXGKJ6K  CU SB8PY93JYWJKENWSSK8I609SIX2B7HPS3872DP0XYWB258J1FB6OUQCQOR5FHLNGJGY749BRNMCH48HMGR8TVN8 N6LCWEOBHARJ66ODCGPUHKA4EOHVOLOLFFQ4L0V5LTKHIVVLQL396FNM6HORNPJ8DMOVIOJE1YYJW6VUW YS78FR3J9J3DV BK4NI05XBC7743');

insert into ServicePet (petId, usrId, servicePetId, level, exp, Ext) values (1, 7, 12, 7, 0, 'R CD9LDSPQWTB66BVKGYFPGXA7DG60TYUI 9QTE1L9Q8JQ1GU7D4L4YKQ7KHGIHDJD5YQP CHI5DCAL2BM5AB7ODEELH8CM9E3KJ8GN9UB1MS UPY35GY532BTN8F4LR7PBVXCVOCYT6JYI4KF9BH8MOR2AAJIMCSS L4O QR980 CEG3YOGITLG36G1Q6XP9FI5SRBV3KFV4E22PK16E680VUJKWVJXR97QJX RFT09MD2MOMGK2PO7S7AUICH');

insert into ServicePet (petId, usrId, servicePetId, level, exp, Ext) values (16, 6, 4, 2, 10, '8QHVCPM4F2DYITHV2F3CI5UY3OWXJQDN9MRMQ78Q4F8MQO2RKKFKNX 06L715DSTU5C2GN7NF3UUQVG1OVMDGALQ3NULWVEO34Y5TA1R5TAS7O U576H4V7TU740VD5VHIX8 18PFI12K1381N6 OUBYOPU4VOXWOH15TGB4N78P1K76QF7BW6HR5UC3I7N6OCO2 RWKH4F4MIQKTXDECEBM1CHK60B1RJQL VLFWNT43U766NCJDPF0H7PL1WW');

insert into ServicePet (petId, usrId, servicePetId, level, exp, Ext) values (9, 13, 19, 0, 16, 'PFPLP09 25A2Y034N2B9F2YH6UHYK09HDKJ7U37SQQQC8PH2NWSV7EP5ATHNDV430812T0HOJHTE1AYLNF0ED135HBLU749VMU85UENEKHKISO0B1Q6NUG 7SKF0R0 X21E1JLTQS22HCKUW51MWYWU522NA2OCE3UWT QUF1WON DD061S0HDUR5N78MX2HDEB0KQ7C3WUTCE1CAIABJRRWTC3YAEGGHABU5B0COB7GJM2OHOYQOM3EMII4BJH');

insert into ServicePet (petId, usrId, servicePetId, level, exp, Ext) values (13, 16, 2, 16, 15, 'IXASW0Y2ABLHF0W8QPYOPUBX76SUYEIV 2GQFSXS3KJO7OS2CS2K5F118V3L5NCV586C5KBBRR6TSTOPCI0WM6PUF3MEXJQHDM3XBSWD79V7O5OWLI124A1FT3T440AC1B3 QCBEH886XQR4 CRM7CKKF1HP0BAOKCF6OKXFMT4C44NIFI AYBJMBYMBH7UGDNI912 7P1RED8SSWCU  L1OKWK7USUAY16770C4UTM7BDIEE5ROF XEAOWV2L ');

insert into ServicePet (petId, usrId, servicePetId, level, exp, Ext) values (2, 11, 1, 8, 2, 'ES8F53VU750ES3AUFX4DL0PT6O4KVKKNOGXMB4JX5TB4CH3MKKBP3XD41VXN0B15QIMC69DXA1F47NCH8CS NW00O4ON5SRFQIRIA23WN1W VE THFERX80IDNW9E2VAK5Q9EKSRV46J 0ET Y0SRP8B5Q H0OXCR1T1DB13BIL BBBG42A73OW OQANBPXXJV5MAERDXLHPWPXGW0VE20PT7X0BVT85OET0CHARBO0FT0RC 0A0Y3MYQP9AD5K');

insert into ServicePet (petId, usrId, servicePetId, level, exp, Ext) values (0, 11, 17, 13, 1, ' QDTHVQE9T785CQVFQC0X8U58VH5RPE62UK0NGU9NCJ64WRKT2ADGGS6BWPJ3VSNWST8BP0FHI6PX4LPDP7L1DUXNPTC0 1YR2Y6OG1V3KKNEP9GQVGUGXK3HWBBHFGHOSUG4Q7 KE8PNJBFDJF7S51RSQQ2SNU3HRFKDOAJTMQI1QUNFBKMDATFC3M8EBKYSDNYDJPPIGMLAHFI HA TP0YQIL976HPYRGXGUA44QJCD57URY422YAOA89JA60');

insert into ServicePet (petId, usrId, servicePetId, level, exp, Ext) values (11, 13, 16, 10, 11, 'D5NVQ34ISV125H8WWBAKJ9OUB54AC0H3ECFXH5792RJX76GNA0R71WRCX8OCV2A6L97PAR 1UN4SO8N92Y7K1Q7328248D198ENA19KUA19EMRSXO26BYS6TOL5FG5AX 26SMC682D3I041I  W22CYT1LF FXS6VCRES 6A6QIXP PB988JN10 Y80NYHFND15B8E6K32XGG79650ODSQ0MIDQ8TW8GCUNQI3T9N3H  2AIQDFDJKQPBK0LLJE');

insert into ServicePet (petId, usrId, servicePetId, level, exp, Ext) values (9, 4, 7, 19, 14, '7FFGS4O90AQ6MH761XXE9SGH8M16Q 57BRJ2WJMDRMXXIA1VVT72JND49FN7HFU46OLTVM4F0FGHV81E4VRG4E3JGGE5CJ9ULVU4OHWGTYRMH7SD59J0R 83S VGGDCTIVUJXSG95EMENIL2DXOETN7XC21MBHT5U4GSOG274U1V6UJF8TQF445P7R0F2S6MJ2TRKWSDT7DDICJ17SF11H1TF APDKOMLXAHQYHFBF7CIK95SJSCJ7MC6KKGDLD');

insert into ServicePet (petId, usrId, servicePetId, level, exp, Ext) values (13, 11, 8, 14, 4, '91WL5USRQT9FEND4NJQ7M18FXNAXXT048X4O3512DHF6AU6D5 W8BIWPX0QNEVBKYBJTTDQKYIIXXNO0SSHSYGWLEHIAEDI2GB3J R97V71ED32UIIV1AYCWXD2RJKWTG4LMF5HS2SEKVPVGTUCG9JTBWYR6OAASBVQ73WMU8MXSTL25WI0PUB899JV RYTQ0S6M4TBNM UKQE04L60VAXXWMHKWVD3593EJSDNC8BARB9IAEMB8 KOAA7YWB11');

insert into ServicePet (petId, usrId, servicePetId, level, exp, Ext) values (12, 2, 11, 9, 5, 'DC3WWIF1RNYBJFWQAHNSCDVN48208JV4HA1 XYHEL6DTB3HANM28374D 0LNI4D2CPBX4SJYAQ1PQGT4MBQDL91V8W7NJSJ3NW9V8 3E1VFPTU5O9OHTAJXGXTGRFGXTRT9VDK8SVV3ISQBRDHA2V6M 0BVKK5M8X1RWUSIOJMLN7RMKJ61JCHHM4M1MN57S5W7UA02WNNIMWP Q7UQLXXCYQMJBNRVA893HLRJRI7GTYKSAH8EF73O 3V00SJ9');

insert into usrFrontInfo (serviceItemId, usrId, itemId, servicePetId, frontId) values (12, 1, 3, 4, 10);

insert into usrFrontInfo (serviceItemId, usrId, itemId, servicePetId, frontId) values (2, 3, 14, 18, 3);

insert into usrFrontInfo (serviceItemId, usrId, itemId, servicePetId, frontId) values (17, 18, 2, 15, 0);

insert into usrFrontInfo (serviceItemId, usrId, itemId, servicePetId, frontId) values (10, 16, 10, 6, 17);

insert into usrFrontInfo (serviceItemId, usrId, itemId, servicePetId, frontId) values (2, 0, 18, 17, 16);

insert into usrFrontInfo (serviceItemId, usrId, itemId, servicePetId, frontId) values (4, 5, 18, 4, 1);

insert into usrFrontInfo (serviceItemId, usrId, itemId, servicePetId, frontId) values (8, 2, 19, 15, 8);

insert into usrFrontInfo (serviceItemId, usrId, itemId, servicePetId, frontId) values (16, 4, 2, 13, 14);

insert into usrFrontInfo (serviceItemId, usrId, itemId, servicePetId, frontId) values (18, 2, 10, 2, 9);

insert into usrFrontInfo (serviceItemId, usrId, itemId, servicePetId, frontId) values (17, 19, 17, 8, 15);

insert into usrFrontInfo (serviceItemId, usrId, itemId, servicePetId, frontId) values (14, 0, 10, 1, 13);

insert into usrFrontInfo (serviceItemId, usrId, itemId, servicePetId, frontId) values (16, 1, 12, 8, 19);

insert into usrFrontInfo (serviceItemId, usrId, itemId, servicePetId, frontId) values (13, 13, 9, 0, 2);

insert into usrFrontInfo (serviceItemId, usrId, itemId, servicePetId, frontId) values (16, 10, 13, 2, 4);

insert into usrFrontInfo (serviceItemId, usrId, itemId, servicePetId, frontId) values (12, 13, 4, 13, 11);

insert into usrFrontInfo (serviceItemId, usrId, itemId, servicePetId, frontId) values (0, 3, 11, 0, 7);

insert into usrFrontInfo (serviceItemId, usrId, itemId, servicePetId, frontId) values (2, 8, 0, 15, 12);

insert into usrFrontInfo (serviceItemId, usrId, itemId, servicePetId, frontId) values (3, 10, 14, 19, 5);

insert into usrFrontInfo (serviceItemId, usrId, itemId, servicePetId, frontId) values (5, 19, 17, 19, 6);

insert into usrFrontInfo (serviceItemId, usrId, itemId, servicePetId, frontId) values (2, 0, 17, 2, 18);

